actual_strategy,backward_error_max,backward_error_median,binary_sha256,canonical_edges,configuration_id,counter_branch_miss_rate,counter_cache_miss_rate,counter_context_switches,counter_cpu_migrations,counter_effective_ghz,counter_ipc,counter_page_faults,cpu_list,energy_norm_error_max,energy_norm_error_median,environment_id,experiment,family,first_touch_policy,graph_assembly_s,graph_bytes,hierarchy_bytes,hierarchy_levels,hierarchy_threads,host,implementation,independent_relative_residual_max,independent_relative_residual_median,input_load_s,iterations_max,iterations_median,matlab_release,matrix_nonzeros,max_iterations,memory_policy,native_relative_residual_max,native_relative_residual_median,numa_node_list,parallel_plan_setup_bootstrap_high_s,parallel_plan_setup_bootstrap_low_s,parallel_plan_setup_iqr_s,parallel_plan_setup_mad_s,parallel_plan_setup_max_s,parallel_plan_setup_median_s,parallel_plan_setup_min_s,pcg_solve_bootstrap_high_s,pcg_solve_bootstrap_low_s,pcg_solve_iqr_s,pcg_solve_mad_s,pcg_solve_max_s,pcg_solve_median_s,pcg_solve_min_s,peak_rss_kb,placement_mode,plan_bytes,plan_operator_count,plan_threads,preconditioner_apply_bootstrap_high_s,preconditioner_apply_bootstrap_low_s,preconditioner_apply_iqr_s,preconditioner_apply_mad_s,preconditioner_apply_max_s,preconditioner_apply_median_s,preconditioner_apply_min_s,preconditioner_setup_bootstrap_high_s,preconditioner_setup_bootstrap_low_s,preconditioner_setup_iqr_s,preconditioner_setup_mad_s,preconditioner_setup_max_s,preconditioner_setup_median_s,preconditioner_setup_min_s,protocol_version,reference_scaled_error_max,reference_scaled_error_median,repetitions,restarts_max,restarts_median,rhs_count,route_reason,run_id,socket_list,solve_threads,solver_total_bootstrap_high_s,solver_total_bootstrap_low_s,solver_total_iqr_s,solver_total_mad_s,solver_total_max_s,solver_total_median_s,solver_total_min_s,source_archive_sha256,source_commit,strategy,task_id,terminal_factor_bytes,tolerance,upstream_commit,variant,vertices,warmups,workspace_allocation_bootstrap_high_s,workspace_allocation_bootstrap_low_s,workspace_allocation_iqr_s,workspace_allocation_mad_s,workspace_allocation_max_s,workspace_allocation_median_s,workspace_allocation_min_s,workspace_bytes_each,workspace_concurrency,workspace_pool_bytes
native-sequential,1.882849456324242e-09,1.882849456324242e-09,ca54dc5592525658300a2afc0072e6ce62936097118df7705d0f515f72a3a397,999999,matlab-native-sequential-fresh-all-h1-p0-s1-r1-tol1e-08-thread1-solve-mrep0,0.004800928941975969,0.6986762066150706,0.0,0.0,2.6079350711808216,1.8812261351302542,564814.0,0,4.0191188452050346e-08,4.0191188452050346e-08,dbca00ecd2a2248046cf33568bd1eaff588957770d431317bc2134639b4e6dd7,baseline,path,serial,0.241342,55999976.0,156146320.0,8,1,scc-ff4,matlab,9.459197839915336e-09,9.459197839915336e-09,0.080353,62.0,62.0,2026a,2999998.0,1000,current,9.459197839915336e-09,9.459197839915336e-09,0,,,,,,,,2.844122,2.766519,0.06864650000000028,0.03852999999999973,2.855936,2.805049,2.753452,2283336,thread1,0,0,0,0.0318892109375,0.03175384375,8.698437500000156e-05,2.7789062500005457e-05,0.031975859375,0.0317703203125,0.03174253125,0.84271,0.747485,0.05891449999999998,0.01585700000000001,1.036544,0.763342,0.743636,cmg-scc2-v1,0.0008163662799519031,0.0008163662799519031,7,0.0,0.0,1,official-native-sequential-workflow,20260828T021628Z-6fe9be77084a-b2v1-rust-matlab-current,0,1,3.673813,3.5310000000000006,0.1032529999999996,0.06734000000000018,3.807962,3.606473,3.498127,f26148fc0412cd6e4971a29578c81ca284e6cf8bb47f4488406314df4778cbb1,6fe9be77084a60cca330760361dd4c7addc77ccf,native-sequential,1,0,1e-08,19752fc102f8cae8e34f66457bfaccb1aaa60375,fresh-all,1000000.0,2,0.001085,0.001039,3.349999999999989e-05,1.899999999999992e-05,0.001139,0.001066,0.001039,8000000.0,1,8000000.0
native-sequential,1.882849455999246e-09,1.882849455999246e-09,ca54dc5592525658300a2afc0072e6ce62936097118df7705d0f515f72a3a397,999999,matlab-native-sequential-fresh-all-h16-p0-s16-r1-tol1e-08-thread16-solve-mrep0,0.004715889465276766,0.7050617689119946,0.0,0.0,2.1744713050746753,1.8192245762414514,593811.0,"0,4,8,12,16,20,24,28,2,6,10,14,18,22,26,30",4.0191188624239154e-08,4.0191188624239154e-08,dbca00ecd2a2248046cf33568bd1eaff588957770d431317bc2134639b4e6dd7,baseline,path,serial,0.170904,55999976.0,156146320.0,8,16,scc-ff4,matlab,9.459197839140735e-09,9.459197839140735e-09,0.28408,62.0,62.0,2026a,2999998.0,1000,current,9.459197839140735e-09,9.459197839140735e-09,"0,2",,,,,,,,2.406202,2.368824,0.03494700000000028,0.023276000000000074,2.451708,2.394546,2.333994,2220592,thread16,0,0,0,0.030975390625,0.0309356640625,3.007812499999929e-05,1.962500000000228e-05,0.0310193984375,0.0309583828125,0.030930015625,0.695249,0.673258,0.017421999999999938,0.007610999999999923,0.754279,0.680869,0.668335,cmg-scc2-v1,0.0008163688871742044,0.0008163688871742044,7,0.0,0.0,1,official-native-sequential-workflow,20260828T021628Z-6fe9be77084a-b2v1-rust-matlab-current,0,16,3.124188,3.058818,0.038289499999999865,0.014349000000000167,3.14873,3.073167,3.01602,f26148fc0412cd6e4971a29578c81ca284e6cf8bb47f4488406314df4778cbb1,6fe9be77084a60cca330760361dd4c7addc77ccf,native-sequential,1,0,1e-08,19752fc102f8cae8e34f66457bfaccb1aaa60375,fresh-all,1000000.0,2,0.001157,0.001063,8.350000000000024e-05,3.899999999999997e-05,0.001773,0.001085,0.001046,8000000.0,1,8000000.0
native-sequential,1.8828494561270635e-09,1.8828494561270635e-09,ca54dc5592525658300a2afc0072e6ce62936097118df7705d0f515f72a3a397,999999,matlab-native-sequential-fresh-all-h32-p0-s32-r1-tol1e-08-thread32-solve-mrep0,0.004791915870527228,0.7071366648463974,0.0,0.0,2.1079174143416237,1.5921656607973915,657790.0,"0,4,8,12,16,20,24,28,2,6,10,14,18,22,26,30,1,5,9,13,17,21,25,29,3,7,11,15,19,23,27,31",4.0191188896222354e-08,4.0191188896222354e-08,dbca00ecd2a2248046cf33568bd1eaff588957770d431317bc2134639b4e6dd7,baseline,path,serial,0.152064,55999976.0,156146320.0,8,32,scc-ff4,matlab,9.4591978401486e-09,9.4591978401486e-09,0.079743,62.0,62.0,2026a,2999998.0,1000,current,9.4591978401486e-09,9.4591978401486e-09,"0,1,2,3",,,,,,,,2.624588,2.535454,0.07077450000000018,0.04233899999999968,2.626972,2.584633,2.46902,2384556,thread32,0,0,0,0.0310731953125,0.0297788828125,0.0011005546875000015,0.0001800078125000007,0.0311021875,0.0309221796875,0.0297253671875,0.691927,0.668215,0.01959500000000003,0.009990000000000054,0.715808,0.676813,0.65274,cmg-scc2-v1,0.0008163805562963358,0.0008163805562963358,7,0.0,0.0,1,official-native-sequential-workflow,20260828T021628Z-6fe9be77084a-b2v1-rust-matlab-current,"0,1",32,3.278873,3.208093,0.058644499999999766,0.024942999999999937,3.34409,3.25393,3.146772,f26148fc0412cd6e4971a29578c81ca284e6cf8bb47f4488406314df4778cbb1,6fe9be77084a60cca330760361dd4c7addc77ccf,native-sequential,1,0,1e-08,19752fc102f8cae8e34f66457bfaccb1aaa60375,fresh-all,1000000.0,2,0.001314,0.001082,0.00022599999999999986,0.00017299999999999998,0.001464,0.001137,0.000939,8000000.0,1,8000000.0
native-sequential,1.882849456248137e-09,1.882849456248137e-09,ca54dc5592525658300a2afc0072e6ce62936097118df7705d0f515f72a3a397,999999,matlab-native-sequential-fresh-all-h8-p0-s8-r1-tol1e-08-thread8-solve-mrep0,0.004730933265048961,0.7104621175218734,0.0,0.0,2.520797867215256,1.8713860790223955,577551.0,"0,4,8,12,16,20,24,28",4.019118834484054e-08,4.019118834484054e-08,dbca00ecd2a2248046cf33568bd1eaff588957770d431317bc2134639b4e6dd7,baseline,path,serial,0.154114,55999976.0,156146320.0,8,8,scc-ff4,matlab,9.459197839497703e-09,9.459197839497703e-09,0.079154,62.0,62.0,2026a,2999998.0,1000,current,9.459197839497703e-09,9.459197839497703e-09,0,,,,,,,,2.508815,2.451106,0.04949899999999996,0.027285000000000004,2.562465,2.475553,2.448268,2276532,thread8,0,0,0,0.034526828125,0.031310359375,0.0032090664062500024,6.335937499999528e-05,0.034537390625,0.03447403125,0.0313093515625,0.749934,0.734236,0.011588500000000002,0.005287999999999959,0.792854,0.737712,0.723569,cmg-scc2-v1,0.0008163517671371502,0.0008163517671371502,7,0.0,0.0,1,official-native-sequential-workflow,20260828T021628Z-6fe9be77084a-b2v1-rust-matlab-current,0,8,3.243082,3.207137,0.0329934999999999,0.021287000000000056,3.297742,3.233424,3.202295,f26148fc0412cd6e4971a29578c81ca284e6cf8bb47f4488406314df4778cbb1,6fe9be77084a60cca330760361dd4c7addc77ccf,native-sequential,1,0,1e-08,19752fc102f8cae8e34f66457bfaccb1aaa60375,fresh-all,1000000.0,2,0.001138,0.001041,6.0999999999999856e-05,2.1999999999999884e-05,0.001255,0.001063,0.00104,8000000.0,1,8000000.0
serial,9.235106432823659e-09,9.235106432823659e-09,759dd3493dab31bc52de48376022c4e92c45eec26ced9b82d134aa25e46f8de5,999999,rust-auto-fresh-all-h1-p1-s1-r1-tol1e-08-thread1-solve-mrep0,9.091522045600369e-05,0.6533721746133861,0.0,0.0,3.819215559668557,1.7129056947283603,66350.0,0,3.339036581944456e-07,3.339036581944456e-07,dbca00ecd2a2248046cf33568bd1eaff588957770d431317bc2134639b4e6dd7,baseline,path,serial,0.021638266,23999984,78056544,8,1,scc-ff4,rust,4.6395782536078395e-08,4.6395782536078395e-08,0.049200775,53.0,53.0,,2999998,1000,current,4.639578253610005e-08,4.639578253610005e-08,0,2.505e-06,1.98e-06,3.3300000000000003e-07,1.3000000000000003e-07,2.812e-06,2.11e-06,1.777e-06,2.526317123,2.504657806,0.015181045499999879,0.010416871999999966,2.526683012,2.515900251,2.501319209,258140,thread1,0,0,1,0.022696827,0.022683347,1.2094999999996692e-05,6.485000000000518e-06,0.022769998,0.022690342,0.022677432,0.07808548,0.071698489,0.0034845824999999997,0.001924117000000003,0.082385632,0.076161363,0.071031448,cmg-scc2-v1,0.004451928023830638,0.004451928023830638,7,3.0,3.0,1,single-worker,20260828T021628Z-6fe9be77084a-b2v1-rust-matlab-current,0,1,2.602550613,2.590998075,0.00907445150000008,0.004743008999999798,2.612010252,2.597807604,2.589428001,f26148fc0412cd6e4971a29578c81ca284e6cf8bb47f4488406314df4778cbb1,6fe9be77084a60cca330760361dd4c7addc77ccf,auto,1,15568,1e-08,19752fc102f8cae8e34f66457bfaccb1aaa60375,fresh-all,1000000,2,0.010455687,0.00458805,0.0029658045000000004,0.0002496349999999998,0.011641641,0.010206052,0.00330572,79033448,1,79033448
planned,9.235106431521005e-09,9.235106431521005e-09,759dd3493dab31bc52de48376022c4e92c45eec26ced9b82d134aa25e46f8de5,999999,rust-auto-fresh-all-h16-p16-s16-r1-tol1e-08-thread16-solve-mrep0,0.001380087947808334,0.6809633936787547,0.0,0.0,2.2484996682178675,1.6966360699687095,63870.0,"0,4,8,12,16,20,24,28,2,6,10,14,18,22,26,30",3.33903658006184e-07,3.33903658006184e-07,dbca00ecd2a2248046cf33568bd1eaff588957770d431317bc2134639b4e6dd7,baseline,path,serial,0.021197929,23999984,78056544,8,16,scc-ff4,rust,4.639578252952847e-08,4.639578252952847e-08,0.049180391,53.0,53.0,,2999998,1000,current,4.639578252954991e-08,4.639578252954991e-08,"0,2",2.372e-06,1.991e-06,3.5149999999999994e-07,1.8399999999999985e-07,2.685e-06,2.188e-06,1.823e-06,1.957274108,1.897660031,0.032608508000000036,0.023410967000000005,2.006778577,1.921070998,1.880573299,269016,thread16,0,0,16,0.023824999,0.023180761,0.00045416549999999917,0.0001761829999999999,0.02390686,0.023730677,0.02317175,0.082284595,0.079534623,0.0017289485000000077,0.0008015870000000064,0.087135126,0.08033621,0.078588756,cmg-scc2-v1,0.004451964253784252,0.004451964253784252,7,3.0,3.0,1,eligible-planned-vector-single-rhs,20260828T021628Z-6fe9be77084a-b2v1-rust-matlab-current,0,16,2.040478083,1.989838198,0.029052520500000067,0.025083442999999983,2.096523718,2.014921641,1.975930289,f26148fc0412cd6e4971a29578c81ca284e6cf8bb47f4488406314df4778cbb1,6fe9be77084a60cca330760361dd4c7addc77ccf,auto,1,15568,1e-08,19752fc102f8cae8e34f66457bfaccb1aaa60375,fresh-all,1000000,2,0.013587361,0.006712832,0.003594979,0.0033175969999999985,0.015385608,0.010269764,0.002865393,79033448,1,79033448
planned,9.235106431521005e-09,9.235106431521005e-09,759dd3493dab31bc52de48376022c4e92c45eec26ced9b82d134aa25e46f8de5,999999,rust-auto-fresh-all-h32-p32-s32-r1-tol1e-08-thread32-solve-mrep0,0.0024349519193925502,0.7557627311641145,0.0,0.0,1.707485024638175,1.1876696837689937,63508.0,"0,4,8,12,16,20,24,28,2,6,10,14,18,22,26,30,1,5,9,13,17,21,25,29,3,7,11,15,19,23,27,31",3.33903658006184e-07,3.33903658006184e-07,dbca00ecd2a2248046cf33568bd1eaff588957770d431317bc2134639b4e6dd7,baseline,path,serial,0.021184128,23999984,78056544,8,32,scc-ff4,rust,4.639578252952847e-08,4.639578252952847e-08,0.04900049,53.0,53.0,,2999998,1000,current,4.639578252954991e-08,4.639578252954991e-08,"0,1,2,3",2.56e-06,1.998e-06,4.964999999999998e-07,2.8699999999999996e-07,2.664e-06,2.16e-06,1.819e-06,2.464431146,2.345415192,0.08189996099999952,0.030287919000000052,2.467079886,2.375703111,2.321427521,270700,thread32,0,0,32,0.02587439,0.025347707,0.00035478100000000193,0.00016027700000000034,0.026411375,0.025714113,0.025251241,0.091920955,0.085468601,0.005093548000000003,0.002252146999999996,0.093770464,0.089668808,0.085134558,cmg-scc2-v1,0.004451964253784252,0.004451964253784252,7,3.0,3.0,1,eligible-planned-vector-single-rhs,20260828T021628Z-6fe9be77084a-b2v1-rust-matlab-current,"0,1",32,2.561842816,2.441147091,0.08199005449999985,0.030260039999999933,2.568732823,2.471407131,2.428708824,f26148fc0412cd6e4971a29578c81ca284e6cf8bb47f4488406314df4778cbb1,6fe9be77084a60cca330760361dd4c7addc77ccf,auto,1,15568,1e-08,19752fc102f8cae8e34f66457bfaccb1aaa60375,fresh-all,1000000,2,0.011437557,0.007901283,0.0019490259999999995,0.0011544889999999999,0.015357684,0.010283068,0.003639387,79033448,1,79033448
planned,9.235106431521005e-09,9.235106431521005e-09,759dd3493dab31bc52de48376022c4e92c45eec26ced9b82d134aa25e46f8de5,999999,rust-auto-fresh-all-h8-p8-s8-r1-tol1e-08-thread8-solve-mrep0,0.0006301282667380526,0.632089991897192,0.0,0.0,2.663281597447807,1.764343111613678,64570.0,"0,4,8,12,16,20,24,28",3.33903658006184e-07,3.33903658006184e-07,dbca00ecd2a2248046cf33568bd1eaff588957770d431317bc2134639b4e6dd7,baseline,path,serial,0.021248126,23999984,78056544,8,8,scc-ff4,rust,4.639578252952847e-08,4.639578252952847e-08,0.047761222,53.0,53.0,,2999998,1000,current,4.639578252954991e-08,4.639578252954991e-08,0,2.766e-06,2.193e-06,4.6749999999999976e-07,2.9999999999999967e-07,3.034e-06,2.551e-06,2.18e-06,1.986841042,1.97254971,0.010440943000000091,0.006702050999999987,1.998903248,1.979251761,1.961000759,270264,thread8,0,0,8,0.023510831,0.022935799,0.00034788950000000027,0.00020307599999999995,0.023655827,0.023307755,0.022780086,0.084486302,0.07954206,0.0038793820000000145,0.0008327080000000014,0.086012615,0.080325882,0.079493174,cmg-scc2-v1,0.004451964253784252,0.004451964253784252,7,3.0,3.0,1,eligible-planned-vector-single-rhs,20260828T021628Z-6fe9be77084a-b2v1-rust-matlab-current,0,8,2.069704515,2.061813871,0.00672535600000046,0.005254378999999698,2.094160963,2.068913747,2.056703056,f26148fc0412cd6e4971a29578c81ca284e6cf8bb47f4488406314df4778cbb1,6fe9be77084a60cca330760361dd4c7addc77ccf,auto,1,15568,1e-08,19752fc102f8cae8e34f66457bfaccb1aaa60375,fresh-all,1000000,2,0.010768862,0.006782116000000001,0.0020580465000000006,0.001081373,0.010931959,0.009687489,0.003319162,79033448,1,79033448
native-sequential,2.0156427366118828e-09,2.0156427366118828e-09,ca54dc5592525658300a2afc0072e6ce62936097118df7705d0f515f72a3a397,1998000.0,matlab-native-sequential-fresh-all-h1-p0-s1-r1-tol1e-08-thread1-solve-mrep0,0.007226211957598521,0.6722489004654748,0.0,0.0,2.626582739507617,1.8523043345925554,527305.0,0,2.146551786931011e-08,2.146551786931011e-08,dbca00ecd2a2248046cf33568bd1eaff588957770d431317bc2134639b4e6dd7,baseline,grid,serial,0.504621,87936008.0,194525446.0,6,1,scc-ff4,matlab,9.729188749445956e-09,9.729188749445956e-09,0.096067,29.0,29.0,2026a,4996000.0,1000,current,9.729188749445956e-09,9.729188749445956e-09,0,,,,,,,,1.628849,1.592057,0.026753999999999944,0.013543000000000083,1.633795,1.601124,1.587581,2464184,thread1,0,0,0,0.0389263125,0.0388738125,3.301562500000049e-05,1.1718750000000444e-05,0.03892721875,0.03888553125,0.0388565625,0.933302,0.916247,0.016185499999999964,0.007198000000000038,1.073195,0.917622,0.910424,cmg-scc2-v1,2.2069238903867394e-05,2.2069238903867394e-05,7,0.0,0.0,1,official-native-sequential-workflow,20260828T021628Z-6fe9be77084a-b2v1-rust-matlab-current,0,1,2.551107,2.526446,0.021790499999999824,0.013323000000000196,2.675436,2.534074,2.506244,f26148fc0412cd6e4971a29578c81ca284e6cf8bb47f4488406314df4778cbb1,6fe9be77084a60cca330760361dd4c7addc77ccf,native-sequential,2,0,1e-08,19752fc102f8cae8e34f66457bfaccb1aaa60375,fresh-all,1000000.0,2,0.001117,0.001043,5.05000000000002e-05,2.20000000000001e-05,0.001144,0.001065,0.001041,8000000.0,1,8000000.0
native-sequential,2.0156427365133027e-09,2.0156427365133027e-09,ca54dc5592525658300a2afc0072e6ce62936097118df7705d0f515f72a3a397,1998000.0,matlab-native-sequential-fresh-all-h16-p0-s16-r1-tol1e-08-thread16-solve-mrep0,0.0071638672512351126,0.6939446101546946,0.0,0.0,2.1622143382463266,1.783581883843183,646552.0,"0,4,8,12,16,20,24,28,2,6,10,14,18,22,26,30",2.1465517901697843e-08,2.1465517901697843e-08,dbca00ecd2a2248046cf33568bd1eaff588957770d431317bc2134639b4e6dd7,baseline,grid,serial,0.261438,87936008.0,194525446.0,6,16,scc-ff4,matlab,9.729188748970111e-09,9.729188748970111e-09,0.097,29.0,29.0,2026a,4996000.0,1000,current,9.729188748970111e-09,9.729188748970111e-09,"0,2",,,,,,,,1.468169,1.410952,0.03706300000000007,0.017120000000000024,1.469332,1.451049,1.407656,2500844,thread16,0,0,0,0.04193321875,0.039446625,0.002424406249999997,0.0010118750000000024,0.0421156875,0.040361109375,0.039349234375,0.785123,0.766944,0.017384500000000025,0.008906999999999998,0.806047,0.776216,0.765894,cmg-scc2-v1,2.206923889605936e-05,2.206923889605936e-05,7,0.0,0.0,1,official-native-sequential-workflow,20260828T021628Z-6fe9be77084a-b2v1-rust-matlab-current,0,16,2.236768,2.197298,0.03009800000000018,0.013673999999999964,2.2766,2.223094,2.174616,f26148fc0412cd6e4971a29578c81ca284e6cf8bb47f4488406314df4778cbb1,6fe9be77084a60cca330760361dd4c7addc77ccf,native-sequential,2,0,1e-08,19752fc102f8cae8e34f66457bfaccb1aaa60375,fresh-all,1000000.0,2,0.001221,0.001066,0.0001020000000000001,4.599999999999982e-05,0.001223,0.001112,0.00106,8000000.0,1,8000000.0
native-sequential,2.01564273657071e-09,2.01564273657071e-09,ca54dc5592525658300a2afc0072e6ce62936097118df7705d0f515f72a3a397,1998000.0,matlab-native-sequential-fresh-all-h32-p0-s32-r1-tol1e-08-thread32-solve-mrep0,0.007300160868078461,0.7428354761754478,0.0,0.0,2.1069382326432424,1.5108636082691862,609892.0,"0,4,8,12,16,20,24,28,2,6,10,14,18,22,26,30,1,5,9,13,17,21,25,29,3,7,11,15,19,23,27,31",2.146551788112256e-08,2.146551788112256e-08,dbca00ecd2a2248046cf33568bd1eaff588957770d431317bc2134639b4e6dd7,baseline,grid,serial,0.262949,87936008.0,194525446.0,6,32,scc-ff4,matlab,9.72918874924723e-09,9.72918874924723e-09,0.098122,29.0,29.0,2026a,4996000.0,1000,current,9.72918874924723e-09,9.72918874924723e-09,"0,1,2,3",,,,,,,,1.52822,1.484095,0.02525400000000011,0.016908000000000145,1.537863,1.501003,1.480479,2604856,thread32,0,0,0,0.039061921875,0.038936421875,0.00011171875000000331,6.079687499999792e-05,0.0390963125,0.039035515625,0.038920265625,0.812941,0.795401,0.013268000000000058,0.008391999999999955,0.843053,0.803793,0.792441,cmg-scc2-v1,2.206923896639917e-05,2.206923896639917e-05,7,0.0,0.0,1,official-native-sequential-workflow,20260828T021628Z-6fe9be77084a-b2v1-rust-matlab-current,"0,1",32,2.352193,2.289712,0.04009100000000032,0.00943000000000005,2.372643,2.298096,2.277201,f26148fc0412cd6e4971a29578c81ca284e6cf8bb47f4488406314df4778cbb1,6fe9be77084a60cca330760361dd4c7addc77ccf,native-sequential,2,0,1e-08,19752fc102f8cae8e34f66457bfaccb1aaa60375,fresh-all,1000000.0,2,0.001389,0.001079,0.00020150000000000007,7.900000000000008e-05,0.001692,0.001356,0.001067,8000000.0,1,8000000.0
native-sequential,2.015642736729547e-09,2.015642736729547e-09,ca54dc5592525658300a2afc0072e6ce62936097118df7705d0f515f72a3a397,1998000.0,matlab-native-sequential-fresh-all-h8-p0-s8-r1-tol1e-08-thread8-solve-mrep0,0.007105026884459957,0.6610604049664791,0.0,0.0,2.31860819510475,1.8072853098912918,563849.0,"0,4,8,12,16,20,24,28",2.1465517890029815e-08,2.1465517890029815e-08,dbca00ecd2a2248046cf33568bd1eaff588957770d431317bc2134639b4e6dd7,baseline,grid,serial,0.267495,87936008.0,194525446.0,6,8,scc-ff4,matlab,9.729188750013985e-09,9.729188750013985e-09,0.092101,29.0,29.0,2026a,4996000.0,1000,current,9.729188750013985e-09,9.729188750013985e-09,0,,,,,,,,1.450634,1.439252,0.008458999999999994,0.003870999999999958,1.465846,1.44692,1.435165,2379168,thread8,0,0,0,0.043358265625,0.0432061875,0.0001149843750000018,6.259374999999928e-05,0.043583140625,0.04326878125,0.0431786875,0.788856,0.774175,0.009951000000000043,0.004529000000000005,0.808104,0.778704,0.771753,cmg-scc2-v1,2.2069239015013895e-05,2.2069239015013895e-05,7,0.0,0.0,1,official-native-sequential-workflow,20260828T021628Z-6fe9be77084a-b2v1-rust-matlab-current,0,8,2.245577,2.219741,0.014300999999999675,0.00937700000000019,2.251908,2.229118,2.210445,f26148fc0412cd6e4971a29578c81ca284e6cf8bb47f4488406314df4778cbb1,6fe9be77084a60cca330760361dd4c7addc77ccf,native-sequential,2,0,1e-08,19752fc102f8cae8e34f66457bfaccb1aaa60375,fresh-all,1000000.0,2,0.001105,0.000755,0.00020399999999999997,7.800000000000016e-05,0.00115,0.001027,0.000744,8000000.0,1,8000000.0
serial,7.68382568210143e-09,7.68382568210143e-09,759dd3493dab31bc52de48376022c4e92c45eec26ced9b82d134aa25e46f8de5,1998000,rust-auto-fresh-all-h1-p1-s1-r1-tol1e-08-thread1-solve-mrep0,0.0011091933883072165,0.6281497473621271,0.0,0.0,3.7964688356275755,2.14257003272152,49689.0,0,1.0145502507165098e-07,1.0145502507165098e-07,dbca00ecd2a2248046cf33568bd1eaff588957770d431317bc2134639b4e6dd7,baseline,grid,serial,0.036511949,39968000,96689280,6,1,scc-ff4,rust,3.7088520205147735e-08,3.7088520205147735e-08,0.070137724,26.0,26.0,,4996000,1000,current,3.708852020515555e-08,3.708852020515555e-08,0,2.167e-06,1.925e-06,1.4799999999999968e-07,5.0999999999999596e-08,2.182e-06,1.976e-06,1.81e-06,1.59020105,1.57603875,0.012110332000000001,0.006473608000000075,1.590810692,1.582512358,1.570845933,304948,thread1,0,0,1,0.033541643,0.033459358,5.284799999999423e-05,1.7945999999997853e-05,0.033542305,0.033477304,0.033451283,0.202591385,0.197528887,0.004232227000000005,0.0029315099999999983,0.204457447,0.200914208,0.197262993,cmg-scc2-v1,0.00010751480258106918,0.00010751480258106918,7,2.0,2.0,1,single-worker,20260828T021628Z-6fe9be77084a-b2v1-rust-matlab-current,0,1,1.793880753,1.78585359,0.005296211000000106,0.0021034150000001084,1.79456365,1.791777338,1.782372202,f26148fc0412cd6e4971a29578c81ca284e6cf8bb47f4488406314df4778cbb1,6fe9be77084a60cca330760361dd4c7addc77ccf,auto,2,856960,1e-08,19752fc102f8cae8e34f66457bfaccb1aaa60375,fresh-all,1000000,2,0.010139433,0.003591665,0.004125272500000001,0.0014727769999999998,0.012283989,0.009719011,0.00283694,74054816,1,74054816
planned,7.683825682071979e-09,7.683825682071979e-09,759dd3493dab31bc52de48376022c4e92c45eec26ced9b82d134aa25e46f8de5,1998000,rust-auto-fresh-all-h16-p16-s16-r1-tol1e-08-thread16-solve-mrep0,0.003751205278526634,0.7254348886825192,0.0,0.0,3.023706605826226,1.2483501489644144,88971.0,"0,4,8,12,16,20,24,28,2,6,10,14,18,22,26,30",1.0145502506545081e-07,1.0145502506545081e-07,dbca00ecd2a2248046cf33568bd1eaff588957770d431317bc2134639b4e6dd7,baseline,grid,serial,0.037549905,39968000,96689280,6,16,scc-ff4,rust,3.708852020500554e-08,3.708852020500554e-08,0.074996791,26.0,26.0,,4996000,1000,current,3.7088520205013215e-08,3.7088520205013215e-08,"0,2",0.036166822,0.033147422,0.0026604485000000025,0.001108429000000001,0.041480568,0.033692679,0.03258425,0.694202939,0.649313901,0.04334173200000002,0.021064348999999982,0.695848083,0.674783734,0.630853514,533900,thread16,82362464,4,16,0.017559101,0.017410843,0.00013839449999999975,9.181400000000256e-05,0.017720478,0.017503719,0.017406922,0.174372678,0.166085775,0.005375251500000011,0.004067030999999999,0.187699587,0.170152806,0.162701055,cmg-scc2-v1,0.00010751480224235654,0.00010751480224235654,7,2.0,2.0,1,eligible-planned-operator-single-rhs,20260828T021628Z-6fe9be77084a-b2v1-rust-matlab-current,0,16,0.90568373,0.854512793,0.03531942599999993,0.00902425200000001,0.907631358,0.898607106,0.837375943,f26148fc0412cd6e4971a29578c81ca284e6cf8bb47f4488406314df4778cbb1,6fe9be77084a60cca330760361dd4c7addc77ccf,auto,2,856960,1e-08,19752fc102f8cae8e34f66457bfaccb1aaa60375,fresh-all,1000000,2,0.010374863,0.002076085,0.0071373949999999995,0.004273520000000001,0.013686072,0.009412552,0.001372403,74054816,1,74054816
planned,7.683825682071979e-09,7.683825682071979e-09,759dd3493dab31bc52de48376022c4e92c45eec26ced9b82d134aa25e46f8de5,1998000,rust-auto-fresh-all-h32-p32-s32-r1-tol1e-08-thread32-solve-mrep0,0.005486680372748893,0.7698550558569807,0.0,0.0,2.779578924514268,0.4494570878389116,80992.0,"0,4,8,12,16,20,24,28,2,6,10,14,18,22,26,30,1,5,9,13,17,21,25,29,3,7,11,15,19,23,27,31",1.0145502506545081e-07,1.0145502506545081e-07,dbca00ecd2a2248046cf33568bd1eaff588957770d431317bc2134639b4e6dd7,baseline,grid,serial,0.036021531,39968000,96689280,6,32,scc-ff4,rust,3.708852020500554e-08,3.708852020500554e-08,0.065718724,26.0,26.0,,4996000,1000,current,3.7088520205013215e-08,3.7088520205013215e-08,"0,1,2,3",0.042926172,0.037314787,0.004399670499999994,0.0014137119999999975,0.044508171,0.038500791,0.037087079,1.149819551,1.110054705,0.029780004500000068,0.013974695000000148,1.157720588,1.143745893,1.097355578,544664,thread32,82362464,4,32,0.02842713,0.027707404000000005,0.00046403949999999916,0.0003415169999999995,0.029977647,0.028048921,0.027189035,0.21098688,0.196356417,0.008970852999999973,0.004000356999999982,0.218623621,0.200356774,0.192828327,cmg-scc2-v1,0.00010751480224235654,0.00010751480224235654,7,2.0,2.0,1,eligible-planned-operator-single-rhs,20260828T021628Z-6fe9be77084a-b2v1-rust-matlab-current,"0,1",32,1.408745743,1.349724755,0.04297859150000005,0.02380419899999997,1.426952447,1.395672188,1.345248327,f26148fc0412cd6e4971a29578c81ca284e6cf8bb47f4488406314df4778cbb1,6fe9be77084a60cca330760361dd4c7addc77ccf,auto,2,856960,1e-08,19752fc102f8cae8e34f66457bfaccb1aaa60375,fresh-all,1000000,2,0.01213825,0.002211836,0.0053959275,0.0010810200000000002,0.019744188,0.01105723,0.001584906,74054816,1,74054816
planned,7.683825682071979e-09,7.683825682071979e-09,759dd3493dab31bc52de48376022c4e92c45eec26ced9b82d134aa25e46f8de5,1998000,rust-auto-fresh-all-h8-p8-s8-r1-tol1e-08-thread8-solve-mrep0,0.002554325488907785,0.6349622068960694,0.0,0.0,3.27835604441748,1.8255840538426278,75751.0,"0,4,8,12,16,20,24,28",1.0145502506545081e-07,1.0145502506545081e-07,dbca00ecd2a2248046cf33568bd1eaff588957770d431317bc2134639b4e6dd7,baseline,grid,serial,0.036346265,39968000,96689280,6,8,scc-ff4,rust,3.708852020500554e-08,3.708852020500554e-08,0.070437462,26.0,26.0,,4996000,1000,current,3.7088520205013215e-08,3.7088520205013215e-08,0,0.035941926,0.034503009,0.0012504819999999972,0.0007157110000000008,0.03746176,0.035408054,0.034248211,0.678505861,0.675736587,0.002355954500000035,0.0012125379999999852,0.67892613,0.677297914,0.671954776,548092,thread8,82362464,4,8,0.017024104,0.016891513,0.00011095350000000018,6.0126000000000623e-05,0.017082883,0.016963978,0.016818199,0.176511435,0.171822835,0.0030798364999999883,0.0009650629999999882,0.179746071,0.172787898,0.170187836,cmg-scc2-v1,0.00010751480224235654,0.00010751480224235654,7,2.0,2.0,1,eligible-planned-operator-single-rhs,20260828T021628Z-6fe9be77084a-b2v1-rust-matlab-current,0,8,0.894733818,0.889829743,0.003358900999999914,0.001926025999999914,0.903864627,0.892807792,0.889786563,f26148fc0412cd6e4971a29578c81ca284e6cf8bb47f4488406314df4778cbb1,6fe9be77084a60cca330760361dd4c7addc77ccf,auto,2,856960,1e-08,19752fc102f8cae8e34f66457bfaccb1aaa60375,fresh-all,1000000,2,0.010379963,0.002060223,0.004442612,0.0005955910000000012,0.01103218,0.009784372,0.001859148,74054816,1,74054816
native-sequential,1.1822886133805574e-09,1.1822886133805574e-09,ca54dc5592525658300a2afc0072e6ce62936097118df7705d0f515f72a3a397,1499996.0,matlab-native-sequential-fresh-all-h1-p0-s1-r1-tol1e-08-thread1-solve-mrep0,0.009685220810444414,0.5188551734417125,0.0,0.0,2.2580016358673083,1.5621589344702882,553599.0,0,2.0792123069275967e-08,2.0792123069275967e-08,dbca00ecd2a2248046cf33568bd1eaff588957770d431317bc2134639b4e6dd7,baseline,worker-firm,serial,0.394544,71999880.0,192676589.0,9,1,scc-fc4,matlab,8.554534072776877e-09,8.554534072776877e-09,0.09599,23.0,23.0,2026a,3999992.0,1000,current,8.554534072776877e-09,8.554534072776877e-09,0,,,,,,,,1.26093,1.253324,0.0070224999999997095,0.004208999999999907,1.262293,1.256446,1.252237,2442020,thread1,0,0,0,0.03874778125,0.03871325,2.2320312500004325e-05,1.3968750000002694e-05,0.038812921875,0.0387338125,0.03868425,1.491451,1.458624,0.030728499999999936,0.020750999999999964,1.995603,1.48282,1.456982,cmg-scc2-v1,1.2105766182071934e-06,1.2105766182071934e-06,7,0.0,0.0,1,official-native-sequential-workflow,20260828T021628Z-6fe9be77084a-b2v1-rust-matlab-current,0,1,2.753449,2.714496,0.03360999999999992,0.027585000000000193,3.259026,2.744025,2.713958,f26148fc0412cd6e4971a29578c81ca284e6cf8bb47f4488406314df4778cbb1,6fe9be77084a60cca330760361dd4c7addc77ccf,native-sequential,3,0,1e-08,19752fc102f8cae8e34f66457bfaccb1aaa60375,fresh-all,1000000.0,2,0.00113,0.001047,5.199999999999996e-05,2.099999999999997e-05,0.001157,0.001068,0.001043,8000000.0,1,8000000.0
native-sequential,1.1822886134790938e-09,1.1822886134790938e-09,ca54dc5592525658300a2afc0072e6ce62936097118df7705d0f515f72a3a397,1499996.0,matlab-native-sequential-fresh-all-h16-p0-s16-r1-tol1e-08-thread16-solve-mrep0,0.009869428299442734,0.574840220534103,0.0,0.0,1.8713630480928316,1.512160938995023,658447.0,"0,4,8,12,16,20,24,28,2,6,10,14,18,22,26,30",2.0792123069737226e-08,2.0792123069737226e-08,dbca00ecd2a2248046cf33568bd1eaff588957770d431317bc2134639b4e6dd7,baseline,worker-firm,serial,0.20768,71999880.0,192676589.0,9,16,scc-fc4,matlab,8.554534073489854e-09,8.554534073489854e-09,0.088091,23.0,23.0,2026a,3999992.0,1000,current,8.554534073489854e-09,8.554534073489854e-09,"0,2",,,,,,,,1.122812,1.087322,0.021447500000000064,0.008418000000000037,1.131483,1.09574,1.077807,2470772,thread16,0,0,0,0.037837515625,0.037728546875,6.92812499999973e-05,2.6953124999999634e-05,0.0379175625,0.03773671875,0.037135015625,1.226576,1.195452,0.02467100000000011,0.011772000000000116,1.309184,1.201951,1.179552,cmg-scc2-v1,1.210576618550887e-06,1.210576618550887e-06,7,0.0,0.0,1,official-native-sequential-workflow,20260828T021628Z-6fe9be77084a-b2v1-rust-matlab-current,0,16,2.337425,2.28403,0.04984199999999994,0.039317000000000046,2.406006,2.327547,2.25844,f26148fc0412cd6e4971a29578c81ca284e6cf8bb47f4488406314df4778cbb1,6fe9be77084a60cca330760361dd4c7addc77ccf,native-sequential,3,0,1e-08,19752fc102f8cae8e34f66457bfaccb1aaa60375,fresh-all,1000000.0,2,0.001203,0.001046,8.050000000000006e-05,3.600000000000001e-05,0.001834,0.001082,0.00089,8000000.0,1,8000000.0
native-sequential,1.182288613440514e-09,1.182288613440514e-09,ca54dc5592525658300a2afc0072e6ce62936097118df7705d0f515f72a3a397,1499996.0,matlab-native-sequential-fresh-all-h32-p0-s32-r1-tol1e-08-thread32-solve-mrep0,0.009911304367207927,0.5913104109620384,0.0,0.0,1.8704537922526328,1.329707485750419,591050.0,"0,4,8,12,16,20,24,28,2,6,10,14,18,22,26,30,1,5,9,13,17,21,25,29,3,7,11,15,19,23,27,31",2.0792123068887083e-08,2.0792123068887083e-08,dbca00ecd2a2248046cf33568bd1eaff588957770d431317bc2134639b4e6dd7,baseline,worker-firm,serial,0.224532,71999880.0,192676589.0,9,32,scc-fc4,matlab,8.554534073210685e-09,8.554534073210685e-09,0.098038,23.0,23.0,2026a,3999992.0,1000,current,8.554534073210685e-09,8.554534073210685e-09,"0,1,2,3",,,,,,,,1.258413,1.18805,0.045314000000000076,0.029938999999999938,1.285098,1.217989,1.182527,2473464,thread32,0,0,0,0.03830671875,0.037872296875,0.00031103906250000424,0.00013248437500000543,0.038318296875,0.037968796875,0.0378363125,1.263518,1.219225,0.028097999999999956,0.014281999999999906,1.364099,1.233507,1.214682,cmg-scc2-v1,1.2105766188339287e-06,1.2105766188339287e-06,7,0.0,0.0,1,official-native-sequential-workflow,20260828T021628Z-6fe9be77084a-b2v1-rust-matlab-current,"0,1",32,2.523894,2.422887,0.09768299999999996,0.035658999999999885,2.583242,2.438706,2.403047,f26148fc0412cd6e4971a29578c81ca284e6cf8bb47f4488406314df4778cbb1,6fe9be77084a60cca330760361dd4c7addc77ccf,native-sequential,3,0,1e-08,19752fc102f8cae8e34f66457bfaccb1aaa60375,fresh-all,1000000.0,2,0.00133,0.001154,0.00010299999999999979,5.400000000000001e-05,0.001963,0.001276,0.001106,8000000.0,1,8000000.0
native-sequential,1.182288613447195e-09,1.182288613447195e-09,ca54dc5592525658300a2afc0072e6ce62936097118df7705d0f515f72a3a397,1499996.0,matlab-native-sequential-fresh-all-h8-p0-s8-r1-tol1e-08-thread8-solve-mrep0,0.009667762424822916,0.5164951195183253,0.0,0.0,2.0965541598965802,1.5461780082451482,564647.0,"0,4,8,12,16,20,24,28",2.079212306858803e-08,2.079212306858803e-08,dbca00ecd2a2248046cf33568bd1eaff588957770d431317bc2134639b4e6dd7,baseline,worker-firm,serial,0.246879,71999880.0,192676589.0,9,8,scc-fc4,matlab,8.554534073259023e-09,8.554534073259023e-09,0.39413,23.0,23.0,2026a,3999992.0,1000,current,8.554534073259023e-09,8.554534073259023e-09,0,,,,,,,,1.137025,1.129801,0.005087999999999981,0.001698999999999895,1.139203,1.1315,1.129334,2366764,thread8,0,0,0,0.03754796875,0.0375149375,1.8078125000001166e-05,1.220312499999876e-05,0.03756221875,0.037535765625,0.037503515625,1.240573,1.206538,0.025409499999999863,0.013174000000000019,1.334856,1.217791,1.194182,cmg-scc2-v1,1.2105766185845823e-06,1.2105766185845823e-06,7,0.0,0.0,1,official-native-sequential-workflow,20260828T021628Z-6fe9be77084a-b2v1-rust-matlab-current,0,8,2.371548,2.344618,0.02266350000000017,0.011819000000000024,2.475175,2.351703,2.324556,f26148fc0412cd6e4971a29578c81ca284e6cf8bb47f4488406314df4778cbb1,6fe9be77084a60cca330760361dd4c7addc77ccf,native-sequential,3,0,1e-08,19752fc102f8cae8e34f66457bfaccb1aaa60375,fresh-all,1000000.0,2,0.001116,0.001055,4.7999999999999866e-05,2.20000000000001e-05,0.001143,0.001077,0.00104,8000000.0,1,8000000.0
serial,8.127045338941169e-09,8.127045338941169e-09,759dd3493dab31bc52de48376022c4e92c45eec26ced9b82d134aa25e46f8de5,1499996,rust-auto-fresh-all-h1-p1-s1-r1-tol1e-08-thread1-solve-mrep0,0.0013044432400049766,0.5161304333242409,0.0,0.0,3.788054812508643,1.4986601048037025,51749.0,0,1.4167187417017913e-07,1.4167187417017913e-07,dbca00ecd2a2248046cf33568bd1eaff588957770d431317bc2134639b4e6dd7,baseline,worker-firm,serial,0.029555319,31999936,95421064,9,1,scc-fc4,rust,5.8803763889692626e-08,5.8803763889692626e-08,0.058175171,20.0,20.0,,3999992,1000,current,5.8803763889740516e-08,5.8803763889740516e-08,0,2.909e-06,2.585e-06,2.280000000000002e-07,9.100000000000006e-08,3.368e-06,2.818e-06,2.222e-06,1.218559906,1.207176608,0.009612323500000297,0.006312655999999972,1.224274148,1.214255583,1.205846219,300220,thread1,0,0,1,0.033103642,0.033049691,4.0373499999996065e-05,2.0300000000000873e-05,0.033136158,0.033083342,0.033043852,0.206759442,0.204033501,0.002385216999999995,0.0013877939999999978,0.210597654,0.204843204,0.20345541,cmg-scc2-v1,8.652057454669541e-06,8.652057454669541e-06,7,1.0,1.0,1,single-worker,20260828T021628Z-6fe9be77084a-b2v1-rust-matlab-current,0,1,1.433397156,1.421822763,0.008151470500000091,0.005299525000000083,1.434172709,1.427122288,1.420810663,f26148fc0412cd6e4971a29578c81ca284e6cf8bb47f4488406314df4778cbb1,6fe9be77084a60cca330760361dd4c7addc77ccf,auto,3,974168,1e-08,19752fc102f8cae8e34f66457bfaccb1aaa60375,fresh-all,1000000,2,0.009934662,0.003412511,0.0034527159999999998,0.0005262370000000006,0.009990678,0.009408425,0.003301705,74168632,1,74168632
planned,8.127045338941314e-09,8.127045338941314e-09,759dd3493dab31bc52de48376022c4e92c45eec26ced9b82d134aa25e46f8de5,1499996,rust-auto-fresh-all-h16-p16-s16-r1-tol1e-08-thread16-solve-mrep0,0.0038977626735723094,0.7081790760692522,0.0,0.0,3.042937524360347,1.2811274779896573,104764.0,"0,4,8,12,16,20,24,28,2,6,10,14,18,22,26,30",1.4167187417034528e-07,1.4167187417034528e-07,dbca00ecd2a2248046cf33568bd1eaff588957770d431317bc2134639b4e6dd7,baseline,worker-firm,serial,0.029031518,31999936,95421064,9,16,scc-fc4,rust,5.880376388969368e-08,5.880376388969368e-08,0.055249283,20.0,20.0,,3999992,1000,current,5.880376388974304e-08,5.880376388974304e-08,"0,2",0.055925937,0.049633762,0.0043724075000000015,0.002049347,0.060467389,0.051683109,0.047719121,0.404994919,0.379927047,0.021441985499999983,0.011461842,0.413196564,0.386759607,0.374095688,497564,thread16,80088644,8,16,0.011579273,0.010404057,0.0006324680000000006,6.333799999999959e-05,0.011673754,0.010464878,0.01040154,0.198699743,0.184419666,0.009872499499999993,0.005928368999999989,0.204775562,0.190348035,0.172333344,cmg-scc2-v1,8.652057454971957e-06,8.652057454971957e-06,7,1.0,1.0,1,eligible-planned-operator-single-rhs,20260828T021628Z-6fe9be77084a-b2v1-rust-matlab-current,0,16,0.665159002,0.633346517,0.017500785000000074,0.012977853999999955,0.671724755,0.646324371,0.605011754,f26148fc0412cd6e4971a29578c81ca284e6cf8bb47f4488406314df4778cbb1,6fe9be77084a60cca330760361dd4c7addc77ccf,auto,3,974168,1e-08,19752fc102f8cae8e34f66457bfaccb1aaa60375,fresh-all,1000000,2,0.017963143,0.002823567,0.008166608,0.007099542,0.020875815,0.010863601,0.001694602,74168632,1,74168632
planned,8.127045338941314e-09,8.127045338941314e-09,759dd3493dab31bc52de48376022c4e92c45eec26ced9b82d134aa25e46f8de5,1499996,rust-auto-fresh-all-h32-p32-s32-r1-tol1e-08-thread32-solve-mrep0,0.005261266076739463,0.7691548129254132,0.0,0.0,2.7262530154580285,0.48034155818513646,94647.0,"0,4,8,12,16,20,24,28,2,6,10,14,18,22,26,30,1,5,9,13,17,21,25,29,3,7,11,15,19,23,27,31",1.4167187417034528e-07,1.4167187417034528e-07,dbca00ecd2a2248046cf33568bd1eaff588957770d431317bc2134639b4e6dd7,baseline,worker-firm,serial,0.028667883,31999936,95421064,9,32,scc-fc4,rust,5.880376388969368e-08,5.880376388969368e-08,0.05535476,20.0,20.0,,3999992,1000,current,5.880376388974304e-08,5.880376388974304e-08,"0,1,2,3",0.059630762,0.0587289,0.0007449564999999908,0.00046138899999999955,0.067401901,0.059280238,0.058438919,0.697060681,0.658084099,0.03213529149999994,0.022590135000000067,0.706580765,0.66218841,0.636093893,494800,thread32,80088644,8,32,0.017851524,0.017229589,0.000479719,0.0002981830000000005,0.01981089,0.017553341,0.017144442,0.230687708,0.213253103,0.012328363499999995,0.004717072999999988,0.261080786,0.225970635,0.208465174,cmg-scc2-v1,8.652057454971957e-06,8.652057454971957e-06,7,1.0,1.0,1,eligible-planned-operator-single-rhs,20260828T021628Z-6fe9be77084a-b2v1-rust-matlab-current,"0,1",32,0.993329025,0.945999868,0.042831627500000025,0.014563143000000056,0.999075907,0.984512764,0.915937303,f26148fc0412cd6e4971a29578c81ca284e6cf8bb47f4488406314df4778cbb1,6fe9be77084a60cca330760361dd4c7addc77ccf,auto,3,974168,1e-08,19752fc102f8cae8e34f66457bfaccb1aaa60375,fresh-all,1000000,2,0.013906583,0.002360669,0.006088322,0.0024277229999999997,0.013981983,0.01147886,0.00095939,74168632,1,74168632
planned,8.127045338941314e-09,8.127045338941314e-09,759dd3493dab31bc52de48376022c4e92c45eec26ced9b82d134aa25e46f8de5,1499996,rust-auto-fresh-all-h8-p8-s8-r1-tol1e-08-thread8-solve-mrep0,0.0029788601414723476,0.5567554787474212,0.0,0.0,3.338381617041911,1.6443204867282883,89344.0,"0,4,8,12,16,20,24,28",1.4167187417034528e-07,1.4167187417034528e-07,dbca00ecd2a2248046cf33568bd1eaff588957770d431317bc2134639b4e6dd7,baseline,worker-firm,serial,0.029154011,31999936,95421064,9,8,scc-fc4,rust,5.880376388969368e-08,5.880376388969368e-08,0.056045832,20.0,20.0,,3999992,1000,current,5.880376388974304e-08,5.880376388974304e-08,0,0.054374512,0.052485875,0.0012252104999999971,0.0005803979999999959,0.058254788,0.053066273,0.05125133,0.449392751,0.44204996,0.006572299999999975,0.0026901649999999666,0.451330998,0.442789642,0.440099477,487776,thread8,80088644,8,8,0.012860098,0.012790838,6.755249999999997e-05,4.0267999999999554e-05,0.012881057,0.012832742,0.012787218,0.192498721,0.187950489,0.002718599500000002,0.0014254770000000083,0.195846618,0.189375966,0.187725052,cmg-scc2-v1,8.652057454971957e-06,8.652057454971957e-06,7,1.0,1.0,1,eligible-planned-operator-single-rhs,20260828T021628Z-6fe9be77084a-b2v1-rust-matlab-current,0,8,0.702702742,0.693727583,0.006241426500000147,0.0031834499999999766,0.703616776,0.695544852,0.690873388,f26148fc0412cd6e4971a29578c81ca284e6cf8bb47f4488406314df4778cbb1,6fe9be77084a60cca330760361dd4c7addc77ccf,auto,3,974168,1e-08,19752fc102f8cae8e34f66457bfaccb1aaa60375,fresh-all,1000000,2,0.010569125,0.001563529,0.0045410765,0.0008531909999999997,0.013530431,0.009715934,0.001532269,74168632,1,74168632
native-sequential,3.2102500876428127e-10,3.2102500876428127e-10,ca54dc5592525658300a2afc0072e6ce62936097118df7705d0f515f72a3a397,7999978.0,matlab-native-sequential-fresh-all-h1-p0-s1-r1-tol1e-08-thread1-solve-mrep0,0.017881895117870705,0.2651893716096224,0.0,0.0,2.703151726086411,1.0863470629582144,635925.0,0,3.0388054712194318e-09,3.0388054712194318e-09,dbca00ecd2a2248046cf33568bd1eaff588957770d431317bc2134639b4e6dd7,baseline,dense-worker-firm,serial,2.153533,279999304.0,1578795726.0,6,1,scc-fc4,matlab,2.4678099490615073e-09,2.4678099490615073e-09,0.225886,11.0,11.0,2026a,16999956.0,1000,current,2.4678099490615073e-09,2.4678099490615073e-09,0,,,,,,,,6.442032,6.415038,0.019873999999999725,0.009599999999999831,6.445198,6.424638,6.414771,6957428,thread1,0,0,0,0.513443,0.512837,0.0003406249999999833,6.349999999999412e-05,0.513941,0.5129005,0.512795,15.504169,15.045572,0.3401025000000004,0.19288799999999995,15.753472,15.432369,14.933253,cmg-scc2-v1,4.408106318819118e-08,4.408106318819118e-08,7,0.0,0.0,1,official-native-sequential-workflow,20260828T021628Z-6fe9be77084a-b2v1-rust-matlab-current,0,1,21.948317,21.460578,0.33966350000000034,0.17209399999999775,22.187539,21.858074,21.35508,f26148fc0412cd6e4971a29578c81ca284e6cf8bb47f4488406314df4778cbb1,6fe9be77084a60cca330760361dd4c7addc77ccf,native-sequential,4,0,1e-08,19752fc102f8cae8e34f66457bfaccb1aaa60375,fresh-all,1000000.0,2,0.001683,0.001067,0.00044399999999999995,0.00023400000000000005,0.002116,0.001301,0.000235,8000000.0,1,8000000.0
native-sequential,3.2102500877699576e-10,3.2102500877699576e-10,ca54dc5592525658300a2afc0072e6ce62936097118df7705d0f515f72a3a397,7999978.0,matlab-native-sequential-fresh-all-h16-p0-s16-r1-tol1e-08-thread16-solve-mrep0,0.018448069675655956,0.291731389363978,0.0,0.0,2.3529298875060567,1.0904606643523265,826695.0,"0,4,8,12,16,20,24,28,2,6,10,14,18,22,26,30",3.0388054711955916e-09,3.0388054711955916e-09,dbca00ecd2a2248046cf33568bd1eaff588957770d431317bc2134639b4e6dd7,baseline,dense-worker-firm,serial,1.016234,279999304.0,1578795726.0,6,16,scc-fc4,matlab,2.467809949159248e-09,2.467809949159248e-09,0.206171,11.0,11.0,2026a,16999956.0,1000,current,2.467809949159248e-09,2.467809949159248e-09,"0,2",,,,,,,,6.419586,6.305392,0.07861799999999963,0.04613099999999992,6.450233,6.373455,6.29647,6921716,thread16,0,0,0,0.511214,0.50316925,0.005720750000000052,0.003538750000000035,0.51222675,0.506708,0.50162375,8.05917,7.978702,0.06753399999999843,0.033958000000000155,8.183128,8.00221,7.95433,cmg-scc2-v1,4.4081063234805745e-08,4.4081063234805745e-08,7,0.0,0.0,1,official-native-sequential-workflow,20260828T021628Z-6fe9be77084a-b2v1-rust-matlab-current,0,16,14.482133,14.354245,0.08571049999999936,0.01285400000000081,14.488462,14.366087,14.353233,f26148fc0412cd6e4971a29578c81ca284e6cf8bb47f4488406314df4778cbb1,6fe9be77084a60cca330760361dd4c7addc77ccf,native-sequential,4,0,1e-08,19752fc102f8cae8e34f66457bfaccb1aaa60375,fresh-all,1000000.0,2,0.002122,0.001076,0.000791,0.00040200000000000023,0.002535,0.00172,0.00106,8000000.0,1,8000000.0
native-sequential,3.2102500878459166e-10,3.2102500878459166e-10,ca54dc5592525658300a2afc0072e6ce62936097118df7705d0f515f72a3a397,7999978.0,matlab-native-sequential-fresh-all-h32-p0-s32-r1-tol1e-08-thread32-solve-mrep0,0.018033821315311158,0.3531788698816714,0.0,0.0,2.1797000418924117,0.9810305748496672,872148.0,"0,4,8,12,16,20,24,28,2,6,10,14,18,22,26,30,1,5,9,13,17,21,25,29,3,7,11,15,19,23,27,31",3.0388054712258515e-09,3.0388054712258515e-09,dbca00ecd2a2248046cf33568bd1eaff588957770d431317bc2134639b4e6dd7,baseline,dense-worker-firm,serial,1.042805,279999304.0,1578795726.0,6,32,scc-fc4,matlab,2.4678099492176393e-09,2.4678099492176393e-09,0.2275,11.0,11.0,2026a,16999956.0,1000,current,2.4678099492176393e-09,2.4678099492176393e-09,"0,1,2,3",,,,,,,,6.616344,6.54868,0.041807500000000886,0.020481999999999445,6.617117,6.595862,6.517727,6928212,thread32,0,0,0,0.5331245,0.52761275,0.00513925000000004,0.002658500000000008,0.5340005,0.530466,0.527182,7.95763,7.905796,0.0408299999999997,0.021687000000000012,8.0689,7.93794,7.856895,cmg-scc2-v1,4.408106311826934e-08,4.408106311826934e-08,7,0.0,0.0,1,official-native-sequential-workflow,20260828T021628Z-6fe9be77084a-b2v1-rust-matlab-current,"0,1",32,14.57618,14.455843,0.06739150000000116,0.03809500000000021,14.665234,14.538085,14.375669,f26148fc0412cd6e4971a29578c81ca284e6cf8bb47f4488406314df4778cbb1,6fe9be77084a60cca330760361dd4c7addc77ccf,native-sequential,4,0,1e-08,19752fc102f8cae8e34f66457bfaccb1aaa60375,fresh-all,1000000.0,2,0.001433,0.001047,0.00034099999999999994,0.0002719999999999999,0.003312,0.001095,0.000472,8000000.0,1,8000000.0
native-sequential,3.210250088035191e-10,3.210250088035191e-10,ca54dc5592525658300a2afc0072e6ce62936097118df7705d0f515f72a3a397,7999978.0,matlab-native-sequential-fresh-all-h8-p0-s8-r1-tol1e-08-thread8-solve-mrep0,0.018390459515189556,0.27132342408921956,0.0,0.0,2.4869665151900255,1.1184429974956869,612202.0,"0,4,8,12,16,20,24,28",3.038805471328809e-09,3.038805471328809e-09,dbca00ecd2a2248046cf33568bd1eaff588957770d431317bc2134639b4e6dd7,baseline,dense-worker-firm,serial,1.095848,279999304.0,1578795726.0,6,8,scc-fc4,matlab,2.46780994936314e-09,2.46780994936314e-09,0.205652,11.0,11.0,2026a,16999956.0,1000,current,2.46780994936314e-09,2.46780994936314e-09,0,,,,,,,,6.296716,6.268251,0.01783849999999987,0.01391399999999976,6.310565,6.282802,6.265084,6870876,thread8,0,0,0,0.50293425,0.50265275,0.00020937500000006715,9.150000000002212e-05,0.503092,0.50274,0.50248075,7.995273,7.929404,0.0364905000000002,0.006554000000000393,8.056916,7.933259,7.908398,cmg-scc2-v1,4.4081063281420304e-08,4.4081063281420304e-08,7,0.0,0.0,1,official-native-sequential-workflow,20260828T021628Z-6fe9be77084a-b2v1-rust-matlab-current,0,8,14.261443,14.21326,0.02903850000000041,0.011400999999999328,14.327305,14.224661,14.211252,f26148fc0412cd6e4971a29578c81ca284e6cf8bb47f4488406314df4778cbb1,6fe9be77084a60cca330760361dd4c7addc77ccf,native-sequential,4,0,1e-08,19752fc102f8cae8e34f66457bfaccb1aaa60375,fresh-all,1000000.0,2,0.001602,0.001054,0.0004524999999999998,4.3999999999999985e-05,0.002138,0.001086,0.001042,8000000.0,1,8000000.0
serial,8.794504230289709e-09,8.794504230289709e-09,759dd3493dab31bc52de48376022c4e92c45eec26ced9b82d134aa25e46f8de5,7999978,rust-auto-fresh-all-h1-p1-s1-r1-tol1e-08-thread1-solve-mrep0,0.010169919420029632,0.20846090930088226,0.0,0.0,3.7748452229370093,1.1403700305842892,128567.0,0,8.361007252430511e-08,8.361007252430511e-08,dbca00ecd2a2248046cf33568bd1eaff588957770d431317bc2134639b4e6dd7,baseline,dense-worker-firm,serial,0.14017513,135999648,791832840,6,1,scc-fc4,rust,6.760583883824794e-08,6.760583883824794e-08,0.203438248,9.0,9.0,,16999956,1000,current,6.76058388382483e-08,6.76058388382483e-08,0,2.174e-06,2.013e-06,1.3049999999999985e-07,8.100000000000016e-08,2.234e-06,2.116e-06,1.921e-06,5.921388944,5.904478833,0.010782981000000191,0.007864318000000203,5.977398998,5.912343151,5.871542567,1695980,thread1,0,0,1,0.574820098,0.574080311,0.0004295340000000092,0.00010604999999996867,0.575961724,0.574186361,0.573698583,2.613085866,2.591893173,0.012801993000000067,0.009503732000000209,2.635109774,2.601396905,2.583475054,cmg-scc2-v1,1.325816247834302e-06,1.325816247834302e-06,7,1.0,1.0,1,single-worker,20260828T021628Z-6fe9be77084a-b2v1-rust-matlab-current,0,1,8.547673707,8.516885712,0.02556196200000116,0.014925012000000848,8.572839835,8.533171189,8.510197385,f26148fc0412cd6e4971a29578c81ca284e6cf8bb47f4488406314df4778cbb1,6fe9be77084a60cca330760361dd4c7addc77ccf,auto,4,0,1e-08,19752fc102f8cae8e34f66457bfaccb1aaa60375,fresh-all,1000000,2,0.015095005,0.011963862,0.0019569459999999993,0.0009937079999999994,0.024885684,0.014101297,0.003543031,109623416,1,109623416
planned,8.79450423032555e-09,8.79450423032555e-09,759dd3493dab31bc52de48376022c4e92c45eec26ced9b82d134aa25e46f8de5,7999978,rust-auto-fresh-all-h16-p16-s16-r1-tol1e-08-thread16-solve-mrep0,0.006524804790925418,0.6150998208489127,0.0,0.0,3.2651878450619503,0.978019945357618,253405.0,"0,4,8,12,16,20,24,28,2,6,10,14,18,22,26,30",8.361007252421265e-08,8.361007252421265e-08,dbca00ecd2a2248046cf33568bd1eaff588957770d431317bc2134639b4e6dd7,baseline,dense-worker-firm,serial,0.140856517,135999648,791832840,6,16,scc-fc4,rust,6.760583883852348e-08,6.760583883852348e-08,0.204275308,9.0,9.0,,16999956,1000,current,6.760583883852351e-08,6.760583883852351e-08,"0,2",1.177722889,1.114302596,0.04133349450000012,0.024250415000000025,1.183757534,1.138553011,1.099753536,0.73400155,0.712841974,0.018637691000000012,0.006086225999999972,0.735622828,0.716531442,0.710445216,3686864,thread16,890094972,5,16,0.066278364,0.06554063,0.0004226965000000138,0.00024245800000000095,0.066588648,0.065783088,0.064672243,1.704633458,1.671677694,0.01831554599999996,0.008760190000000057,1.710322396,1.680437884,1.653262173,cmg-scc2-v1,1.3258162479112904e-06,1.3258162479112904e-06,7,1.0,1.0,1,eligible-planned-operator-single-rhs,20260828T021628Z-6fe9be77084a-b2v1-rust-matlab-current,0,16,3.579337752,3.523116844,0.04859451449999952,0.030897343999999993,3.646322043,3.564595653,3.510949119,f26148fc0412cd6e4971a29578c81ca284e6cf8bb47f4488406314df4778cbb1,6fe9be77084a60cca330760361dd4c7addc77ccf,auto,4,0,1e-08,19752fc102f8cae8e34f66457bfaccb1aaa60375,fresh-all,1000000,2,0.017915725,0.007881575,0.0053616345,0.0030950939999999996,0.020891385,0.014820631,0.006518866,109623416,1,109623416
planned,8.79450423032555e-09,8.79450423032555e-09,759dd3493dab31bc52de48376022c4e92c45eec26ced9b82d134aa25e46f8de5,7999978,rust-auto-fresh-all-h32-p32-s32-r1-tol1e-08-thread32-solve-mrep0,0.006010311978453494,0.6318517286456109,0.0,0.0,3.025858162427437,0.6108161549993795,254865.0,"0,4,8,12,16,20,24,28,2,6,10,14,18,22,26,30,1,5,9,13,17,21,25,29,3,7,11,15,19,23,27,31",8.361007252421265e-08,8.361007252421265e-08,dbca00ecd2a2248046cf33568bd1eaff588957770d431317bc2134639b4e6dd7,baseline,dense-worker-firm,serial,0.141353078,135999648,791832840,6,32,scc-fc4,rust,6.760583883852348e-08,6.760583883852348e-08,0.210396006,9.0,9.0,,16999956,1000,current,6.760583883852351e-08,6.760583883852351e-08,"0,1,2,3",1.324179848,1.217803886,0.08577192499999997,0.049727752999999986,1.326965985,1.274452095,1.208456228,0.776904356,0.742571083,0.02773145049999992,0.01755995899999996,0.805630347,0.769244988,0.737741528,3682576,thread32,890094972,5,32,0.066678421,0.065579475,0.0007143495000000027,0.0002415449999999958,0.067103438,0.065782008,0.065340845,1.973971161,1.811530199,0.1349192105000001,0.043799962000000026,2.012162549,1.842873065,1.799073103,cmg-scc2-v1,1.3258162479112904e-06,1.3258162479112904e-06,7,1.0,1.0,1,eligible-planned-operator-single-rhs,20260828T021628Z-6fe9be77084a-b2v1-rust-matlab-current,"0,1",32,4.03329916,3.814897786,0.16571160499999982,0.10336409200000007,4.046591963,3.906088553,3.802724461,f26148fc0412cd6e4971a29578c81ca284e6cf8bb47f4488406314df4778cbb1,6fe9be77084a60cca330760361dd4c7addc77ccf,auto,4,0,1e-08,19752fc102f8cae8e34f66457bfaccb1aaa60375,fresh-all,1000000,2,0.017636729,0.010699426,0.0038162235000000037,0.0011872589999999995,0.020694241,0.01644947,0.004113433,109623416,1,109623416
planned,8.79450423032555e-09,8.79450423032555e-09,759dd3493dab31bc52de48376022c4e92c45eec26ced9b82d134aa25e46f8de5,7999978,rust-auto-fresh-all-h8-p8-s8-r1-tol1e-08-thread8-solve-mrep0,0.006461131701432482,0.26508194439303984,0.0,0.0,3.4464593032957977,1.0670561275060173,184908.0,"0,4,8,12,16,20,24,28",8.361007252421265e-08,8.361007252421265e-08,dbca00ecd2a2248046cf33568bd1eaff588957770d431317bc2134639b4e6dd7,baseline,dense-worker-firm,serial,0.14000063,135999648,791832840,6,8,scc-fc4,rust,6.760583883852348e-08,6.760583883852348e-08,0.204750893,9.0,9.0,,16999956,1000,current,6.760583883852351e-08,6.760583883852351e-08,0,1.276271315,1.207222182,0.04605304500000007,0.027244682999999936,1.341276737,1.249026632,1.181535396,1.119701119,1.106244645,0.009645699499999827,0.006689893999999974,1.124076531,1.112934539,1.091752705,3730592,thread8,890094972,5,8,0.104702164,0.104206771,0.0003487560000000056,0.00022974100000000552,0.105327466,0.104472423,0.10413125,1.828129587,1.802256895,0.018080070999999975,0.009314448999999891,1.830565572,1.81972307,1.799132883,cmg-scc2-v1,1.3258162479112904e-06,1.3258162479112904e-06,7,1.0,1.0,1,eligible-planned-operator-single-rhs,20260828T021628Z-6fe9be77084a-b2v1-rust-matlab-current,0,8,4.217443383,4.164209932,0.0351966534999999,0.01352858199999929,4.282422934,4.177738514,4.115202131,f26148fc0412cd6e4971a29578c81ca284e6cf8bb47f4488406314df4778cbb1,6fe9be77084a60cca330760361dd4c7addc77ccf,auto,4,0,1e-08,19752fc102f8cae8e34f66457bfaccb1aaa60375,fresh-all,1000000,2,0.01429855,0.011708721,0.0013231479999999997,4.824399999999937e-05,0.017828908,0.014250306,0.004781632,109623416,1,109623416
native-sequential,1.7776206698890393e-09,1.7776206698890393e-09,ca54dc5592525658300a2afc0072e6ce62936097118df7705d0f515f72a3a397,1992015.0,matlab-native-sequential-fresh-all-h1-p0-s1-r1-tol1e-08-thread1-solve-mrep0,0.009046972221234507,0.5859801975828604,0.0,0.0,2.1973099757919545,1.9053557541851178,555966.0,0,1.5739955937571048e-08,1.5739955937571048e-08,dbca00ecd2a2248046cf33568bd1eaff588957770d431317bc2134639b4e6dd7,baseline,weak-community,serial,0.506733,87744488.0,183798150.0,6,1,scc-fc4,matlab,6.877166674986244e-09,6.877166674986244e-09,0.099322,29.0,29.0,2026a,4984030.0,1000,current,6.877166674986244e-09,6.877166674986244e-09,0,,,,,,,,1.603212,1.573799,0.019234500000000043,0.006901999999999964,1.607745,1.580701,1.572326,2371944,thread1,0,0,0,0.038616546875,0.038593234375,1.769531249999623e-05,1.0218749999998944e-05,0.038626671875,0.038606328125,0.03858421875,0.784481,0.762392,0.012330000000000174,0.0025399999999999867,1.009922,0.764932,0.759312,cmg-scc2-v1,9.429613765540266e-06,9.429613765540266e-06,7,0.0,0.0,1,official-native-sequential-workflow,20260828T021628Z-6fe9be77084a-b2v1-rust-matlab-current,0,1,2.371278,2.343376,0.020399000000000278,0.010915999999999926,2.614059,2.348103,2.337187,f26148fc0412cd6e4971a29578c81ca284e6cf8bb47f4488406314df4778cbb1,6fe9be77084a60cca330760361dd4c7addc77ccf,native-sequential,5,0,1e-08,19752fc102f8cae8e34f66457bfaccb1aaa60375,fresh-all,1000000.0,2,0.001141,0.001043,7.249999999999986e-05,2.9999999999999862e-05,0.001427,0.001061,0.000925,8000000.0,1,8000000.0
native-sequential,1.7776206699881647e-09,1.7776206699881647e-09,ca54dc5592525658300a2afc0072e6ce62936097118df7705d0f515f72a3a397,1992015.0,matlab-native-sequential-fresh-all-h16-p0-s16-r1-tol1e-08-thread16-solve-mrep0,0.008854707711014511,0.682609179585808,0.0,0.0,1.9657878156831796,1.8151378534623965,720989.0,"0,4,8,12,16,20,24,28,2,6,10,14,18,22,26,30",1.5739955933147944e-08,1.5739955933147944e-08,dbca00ecd2a2248046cf33568bd1eaff588957770d431317bc2134639b4e6dd7,baseline,weak-community,serial,0.280897,87744488.0,183798150.0,6,16,scc-fc4,matlab,6.8771666753694006e-09,6.8771666753694006e-09,0.113507,29.0,29.0,2026a,4984030.0,1000,current,6.8771666753694006e-09,6.8771666753694006e-09,"0,2",,,,,,,,1.415684,1.386451,0.02894550000000007,0.017325999999999953,1.421484,1.404158,1.373851,2448016,thread16,0,0,0,0.0368316875,0.03675625,5.8500000000002994e-05,3.854687499999648e-05,0.037453546875,0.036767953125,0.036728921875,0.6285,0.609122,0.015891499999999947,0.011363000000000012,0.651981,0.626113,0.606569,cmg-scc2-v1,9.429603537229343e-06,9.429603537229343e-06,7,0.0,0.0,1,official-native-sequential-workflow,20260828T021628Z-6fe9be77084a-b2v1-rust-matlab-current,0,16,2.042895,2.014373,0.01971949999999989,0.009030000000000094,2.049731,2.023403,2.003161,f26148fc0412cd6e4971a29578c81ca284e6cf8bb47f4488406314df4778cbb1,6fe9be77084a60cca330760361dd4c7addc77ccf,native-sequential,5,0,1e-08,19752fc102f8cae8e34f66457bfaccb1aaa60375,fresh-all,1000000.0,2,0.001296,0.001092,0.00013049999999999997,3.600000000000001e-05,0.001583,0.001095,0.001059,8000000.0,1,8000000.0
native-sequential,1.7776206698635346e-09,1.7776206698635346e-09,ca54dc5592525658300a2afc0072e6ce62936097118df7705d0f515f72a3a397,1992015.0,matlab-native-sequential-fresh-all-h32-p0-s32-r1-tol1e-08-thread32-solve-mrep0,0.009059247236495134,0.6641512007601159,0.0,0.0,1.854861969630821,1.5835854449039901,591096.0,"0,4,8,12,16,20,24,28,2,6,10,14,18,22,26,30,1,5,9,13,17,21,25,29,3,7,11,15,19,23,27,31",1.5739955946810103e-08,1.5739955946810103e-08,dbca00ecd2a2248046cf33568bd1eaff588957770d431317bc2134639b4e6dd7,baseline,weak-community,serial,0.280853,87744488.0,183798150.0,6,32,scc-fc4,matlab,6.877166674886806e-09,6.877166674886806e-09,0.135658,29.0,29.0,2026a,4984030.0,1000,current,6.877166674886806e-09,6.877166674886806e-09,"0,1,2,3",,,,,,,,1.55169,1.512588,0.030404499999999945,0.02144199999999996,1.584047,1.535181,1.50724,2414772,thread32,0,0,0,0.037898734375,0.037728203125,0.00013089843749999885,7.614062499999852e-05,0.037940578125,0.0378644375,0.0376915,0.656141,0.628386,0.017416999999999905,0.011766000000000054,0.695387,0.640152,0.615944,cmg-scc2-v1,9.429606311722024e-06,9.429606311722024e-06,7,0.0,0.0,1,official-native-sequential-workflow,20260828T021628Z-6fe9be77084a-b2v1-rust-matlab-current,"0,1",32,2.210246,2.15025,0.04154549999999979,0.02970499999999987,2.225465,2.179955,2.13679,f26148fc0412cd6e4971a29578c81ca284e6cf8bb47f4488406314df4778cbb1,6fe9be77084a60cca330760361dd4c7addc77ccf,native-sequential,5,0,1e-08,19752fc102f8cae8e34f66457bfaccb1aaa60375,fresh-all,1000000.0,2,0.001266,0.001048,0.00015050000000000003,7.19999999999998e-05,0.001904,0.00112,0.001046,8000000.0,1,8000000.0
native-sequential,1.77762066980859e-09,1.77762066980859e-09,ca54dc5592525658300a2afc0072e6ce62936097118df7705d0f515f72a3a397,1992015.0,matlab-native-sequential-fresh-all-h8-p0-s8-r1-tol1e-08-thread8-solve-mrep0,0.009116512867887209,0.5798717294337247,0.0,0.0,2.3325339661650837,1.885028091544119,588648.0,"0,4,8,12,16,20,24,28",1.573995594854976e-08,1.573995594854976e-08,dbca00ecd2a2248046cf33568bd1eaff588957770d431317bc2134639b4e6dd7,baseline,weak-community,serial,0.278184,87744488.0,183798150.0,6,8,scc-fc4,matlab,6.877166674673811e-09,6.877166674673811e-09,0.112296,29.0,29.0,2026a,4984030.0,1000,current,6.877166674673811e-09,6.877166674673811e-09,0,,,,,,,,1.42896,1.420767,0.005195999999999978,0.0031850000000002154,1.430655,1.423952,1.416119,2345508,thread8,0,0,0,0.0378881875,0.037854,2.0898437499999867e-05,1.1500000000004562e-05,0.037955953125,0.0378655,0.0378398125,0.660711,0.652242,0.005988000000000104,0.003674000000000066,0.693957,0.657037,0.64669,cmg-scc2-v1,9.429597284843069e-06,9.429597284843069e-06,7,0.0,0.0,1,official-native-sequential-workflow,20260828T021628Z-6fe9be77084a-b2v1-rust-matlab-current,0,8,2.084009,2.074212,0.006510500000000086,0.0029890000000003525,2.125669,2.082911,2.068518,f26148fc0412cd6e4971a29578c81ca284e6cf8bb47f4488406314df4778cbb1,6fe9be77084a60cca330760361dd4c7addc77ccf,native-sequential,5,0,1e-08,19752fc102f8cae8e34f66457bfaccb1aaa60375,fresh-all,1000000.0,2,0.001088,0.001048,2.249999999999995e-05,8.999999999999894e-06,0.001944,0.001057,0.000987,8000000.0,1,8000000.0
serial,7.393666608157656e-09,7.393666608157656e-09,759dd3493dab31bc52de48376022c4e92c45eec26ced9b82d134aa25e46f8de5,1992015,rust-auto-fresh-all-h1-p1-s1-r1-tol1e-08-thread1-solve-mrep0,0.0010147589547967453,0.6103179260144616,0.0,0.0,3.789660419326072,2.220960103815887,48144.0,0,8.092596881863115e-08,8.092596881863115e-08,dbca00ecd2a2248046cf33568bd1eaff588957770d431317bc2134639b4e6dd7,baseline,weak-community,serial,0.03597532,39872240,91827040,6,1,scc-fc4,rust,2.8603863715937905e-08,2.8603863715937905e-08,0.069934789,26.0,26.0,,4984030,1000,current,2.8603863715940863e-08,2.8603863715940863e-08,0,2.058e-06,1.753e-06,2.505000000000002e-07,1.3400000000000011e-07,2.651e-06,1.887e-06,1.723e-06,1.55027701,1.538595292,0.007394477000000066,0.0026761530000001255,1.554422693,1.541271445,1.537281881,286676,thread1,0,0,1,0.032186988,0.032113174,4.9311500000003006e-05,1.561699999999555e-05,0.03219903,0.032128791,0.032111267,0.168728955,0.164432278,0.003485897500000029,0.0019746760000000085,0.169435297,0.166754279,0.163882082,cmg-scc2-v1,6.115901341336225e-05,6.115901341336225e-05,7,2.0,2.0,1,single-worker,20260828T021628Z-6fe9be77084a-b2v1-rust-matlab-current,0,1,1.723282046,1.715767818,0.00463163100000008,0.0015063940000001885,1.725284916,1.716555127,1.714007545,f26148fc0412cd6e4971a29578c81ca284e6cf8bb47f4488406314df4778cbb1,6fe9be77084a60cca330760361dd4c7addc77ccf,auto,5,103568,1e-08,19752fc102f8cae8e34f66457bfaccb1aaa60375,fresh-all,1000000,2,0.01092613,0.004106057,0.0035097554999999996,0.0016973079999999998,0.012355799,0.009228822,0.003567986,72484920,1,72484920
planned,7.393666608526059e-09,7.393666608526059e-09,759dd3493dab31bc52de48376022c4e92c45eec26ced9b82d134aa25e46f8de5,1992015,rust-auto-fresh-all-h16-p16-s16-r1-tol1e-08-thread16-solve-mrep0,0.007796092626792804,0.7034710272128575,0.0,0.0,2.1658096910282367,1.6223866416886146,85092.0,"0,4,8,12,16,20,24,28,2,6,10,14,18,22,26,30",8.092596884716259e-08,8.092596884716259e-08,dbca00ecd2a2248046cf33568bd1eaff588957770d431317bc2134639b4e6dd7,baseline,weak-community,serial,0.036598775,39872240,91827040,6,16,scc-fc4,rust,2.8603863717362786e-08,2.8603863717362786e-08,0.0728316,26.0,26.0,,4984030,1000,current,2.8603863717364996e-08,2.8603863717364996e-08,"0,2",0.035553385,0.031178963,0.0034705049999999987,0.0020613900000000032,0.040689905,0.033491995,0.030640383,0.87198044,0.812687228,0.04287859449999998,0.01923550499999993,0.872668963,0.831922733,0.791614788,529380,thread16,78029760,4,16,0.024535557,0.023745774,0.0007450129999999992,0.0003919609999999997,0.024570635,0.024143596,0.023634023,0.14843973,0.138617396,0.0071853869999999875,0.0045737499999999875,0.155600055,0.14386598,0.133896186,cmg-scc2-v1,6.115900686062233e-05,6.115900686062233e-05,7,2.0,2.0,1,eligible-planned-operator-single-rhs,20260828T021628Z-6fe9be77084a-b2v1-rust-matlab-current,0,16,1.064485341,0.993104016,0.04378556800000011,0.019607359999999963,1.066704468,1.012711376,0.975107821,f26148fc0412cd6e4971a29578c81ca284e6cf8bb47f4488406314df4778cbb1,6fe9be77084a60cca330760361dd4c7addc77ccf,auto,5,103568,1e-08,19752fc102f8cae8e34f66457bfaccb1aaa60375,fresh-all,1000000,2,0.01380672,0.001515263,0.006616821,0.0026477110000000005,0.013871886,0.011159009,0.001442809,72484920,1,72484920
planned,7.393666608526059e-09,7.393666608526059e-09,759dd3493dab31bc52de48376022c4e92c45eec26ced9b82d134aa25e46f8de5,1992015,rust-auto-fresh-all-h32-p32-s32-r1-tol1e-08-thread32-solve-mrep0,0.008696285657482239,0.7507816156714462,0.0,0.0,2.3438443185982116,0.589943560717401,84687.0,"0,4,8,12,16,20,24,28,2,6,10,14,18,22,26,30,1,5,9,13,17,21,25,29,3,7,11,15,19,23,27,31",8.092596884716259e-08,8.092596884716259e-08,dbca00ecd2a2248046cf33568bd1eaff588957770d431317bc2134639b4e6dd7,baseline,weak-community,serial,0.036662607,39872240,91827040,6,32,scc-fc4,rust,2.8603863717362786e-08,2.8603863717362786e-08,0.068997222,26.0,26.0,,4984030,1000,current,2.8603863717364996e-08,2.8603863717364996e-08,"0,1,2,3",0.038290991,0.034492021,0.0034211784999999967,0.002573062000000001,0.038371095,0.035567158,0.032966398,1.257937736,1.202622293,0.03221772199999995,0.02539270800000004,1.277912511,1.228015001,1.156063258,525224,thread32,78029760,4,32,0.030991766,0.030722544,0.0001492360000000005,7.786300000000093e-05,0.031261507,0.030913903,0.030071518,0.188527693,0.159168458,0.015347739499999985,0.013154468000000002,0.191414224,0.175373225,0.152840583,cmg-scc2-v1,6.115900686062233e-05,6.115900686062233e-05,7,2.0,2.0,1,eligible-planned-operator-single-rhs,20260828T021628Z-6fe9be77084a-b2v1-rust-matlab-current,"0,1",32,1.468632173,1.426106552,0.03576960100000015,0.019167949999999934,1.511038577,1.437270569,1.395723051,f26148fc0412cd6e4971a29578c81ca284e6cf8bb47f4488406314df4778cbb1,6fe9be77084a60cca330760361dd4c7addc77ccf,auto,5,103568,1e-08,19752fc102f8cae8e34f66457bfaccb1aaa60375,fresh-all,1000000,2,0.014049605,0.003340747,0.0058015385,0.0015922079999999995,0.016043714,0.012457397,0.002354814,72484920,1,72484920
planned,7.393666608526059e-09,7.393666608526059e-09,759dd3493dab31bc52de48376022c4e92c45eec26ced9b82d134aa25e46f8de5,1992015,rust-auto-fresh-all-h8-p8-s8-r1-tol1e-08-thread8-solve-mrep0,0.0069561333470311215,0.6013145950982411,0.0,0.0,2.9138064726468764,1.9513013312218108,78429.0,"0,4,8,12,16,20,24,28",8.092596884716259e-08,8.092596884716259e-08,dbca00ecd2a2248046cf33568bd1eaff588957770d431317bc2134639b4e6dd7,baseline,weak-community,serial,0.037566372,39872240,91827040,6,8,scc-fc4,rust,2.8603863717362786e-08,2.8603863717362786e-08,0.074525251,26.0,26.0,,4984030,1000,current,2.8603863717364996e-08,2.8603863717364996e-08,0,0.033216466,0.032504806,0.0004925890000000016,0.00025386700000000484,0.033221291,0.032618192,0.030917055,0.831628133,0.823183612,0.006341915499999962,0.0031657959999999985,0.836730611,0.825075758,0.821802317,528896,thread8,78029760,4,8,0.022921151,0.022794773,0.00010964650000000117,2.581800000000037e-05,0.023000685,0.022815604,0.022789786,0.144461115,0.140318846,0.0024964870000000194,0.0009233540000000151,0.1490747,0.1412422,0.137519983,cmg-scc2-v1,6.115900686062233e-05,6.115900686062233e-05,7,2.0,2.0,1,eligible-planned-operator-single-rhs,20260828T021628Z-6fe9be77084a-b2v1-rust-matlab-current,0,8,1.016411262,1.00241437,0.009656182499999888,0.005862246999999821,1.019616438,1.008276617,1.000058636,f26148fc0412cd6e4971a29578c81ca284e6cf8bb47f4488406314df4778cbb1,6fe9be77084a60cca330760361dd4c7addc77ccf,auto,5,103568,1e-08,19752fc102f8cae8e34f66457bfaccb1aaa60375,fresh-all,1000000,2,0.009870779,0.002215651,0.003957858,0.0004426539999999989,0.010950502,0.009428125,0.001754885,72484920,1,72484920
