run_id,environment_id,family,mode,vertices,canonical_edges,matrix_nonzeros,implementation,threads,repetitions,batch_count,preconditioner_setup_median_ns,parallel_plan_setup_median_ns,preconditioner_apply_median_ns,pcg_median_ns,solver_total_median_ns,iterations,relative_residual,backward_error,truth_scaled_error,levels,hostname,cpu_model,peak_rss_kb
20260824T152234Z-a28f802-8111305,07ead3e24ee94352c0410f6a9a2e909df054afb4ebec222b381429478c7a59f4,dense-worker-firm,single,100000,799978,1699956.0,matlab,1,3,1,1129424000.0,0,14886273.4375,197030000.0,1314929000.0,10,7.566909256046297e-09,1.0724756742079302e-09,1.2282744642491693e-07,6,scc-ec4,Intel(R) Xeon(R) Gold 6242 CPU @ 2.80GHz,2177328
20260824T152234Z-a28f802-8111305,07ead3e24ee94352c0410f6a9a2e909df054afb4ebec222b381429478c7a59f4,dense-worker-firm,single,100000,799978,1699956.0,matlab,2,3,1,962883000.0,0,15895312.500000002,231418000.0,1163763000.0,10,7.566909255733497e-09,1.0724756741635964e-09,1.2282744651042578e-07,6,scc-ec4,Intel(R) Xeon(R) Gold 6242 CPU @ 2.80GHz,2141676
20260824T152234Z-a28f802-8111305,07ead3e24ee94352c0410f6a9a2e909df054afb4ebec222b381429478c7a59f4,dense-worker-firm,single,100000,799978,1699956.0,matlab,4,3,1,819389000.0,0,15442765.625,204157000.0,1039555000.0,10,7.566909255730252e-09,1.0724756741631365e-09,1.2282744648411535e-07,6,scc-ec4,Intel(R) Xeon(R) Gold 6242 CPU @ 2.80GHz,2195912
20260824T152234Z-a28f802-8111305,07ead3e24ee94352c0410f6a9a2e909df054afb4ebec222b381429478c7a59f4,dense-worker-firm,single,100000,799978,1699956.0,matlab,8,3,1,783056000.0,0,15268257.8125,204147000.0,964132000.0,10,7.566909256441865e-09,1.0724756742639948e-09,1.2282744641833932e-07,6,scc-ec4,Intel(R) Xeon(R) Gold 6242 CPU @ 2.80GHz,2171108
20260824T152234Z-a28f802-8111305,07ead3e24ee94352c0410f6a9a2e909df054afb4ebec222b381429478c7a59f4,dense-worker-firm,single,100000,799978,1699956.0,matlab,16,3,1,790535000.0,0,15169273.4375,207045000.0,958061000.0,10,7.566909256097945e-09,1.0724756742152503e-09,1.2282744649069296e-07,6,scc-ec4,Intel(R) Xeon(R) Gold 6242 CPU @ 2.80GHz,2095692
20260824T152234Z-a28f802-8111305,07ead3e24ee94352c0410f6a9a2e909df054afb4ebec222b381429478c7a59f4,dense-worker-firm,single,100000,799978,1699956.0,matlab,32,3,1,763360000.0,0,15546218.75,214769000.0,977702000.0,10,7.566909255182484e-09,1.0724756740855e-09,1.2282744643149454e-07,6,scc-ec4,Intel(R) Xeon(R) Gold 6242 CPU @ 2.80GHz,2144844
20260824T152234Z-a28f802-8111305,07ead3e24ee94352c0410f6a9a2e909df054afb4ebec222b381429478c7a59f4,dense-worker-firm,single,100000,799978,1699956,rust,1,3,1,190068456,312,20549424,223416789,412922994,9,4.310531518770976e-08,6.109416735961302e-09,7.926078827224923e-07,6,scc-ec4,Intel(R) Xeon(R) Gold 6242 CPU @ 2.80GHz,211500
20260824T152234Z-a28f802-8111305,07ead3e24ee94352c0410f6a9a2e909df054afb4ebec222b381429478c7a59f4,dense-worker-firm,single,100000,799978,1699956,rust,2,3,1,352474763,90720908,22071039,285021316,650979257,9,4.310531518770976e-08,6.109416735961302e-09,7.926078827224923e-07,6,scc-ec4,Intel(R) Xeon(R) Gold 6242 CPU @ 2.80GHz,411572
20260824T152234Z-a28f802-8111305,07ead3e24ee94352c0410f6a9a2e909df054afb4ebec222b381429478c7a59f4,dense-worker-firm,single,100000,799978,1699956,rust,4,3,1,299854699,96434636,13571043,193938879,604047566,9,4.310531518770976e-08,6.109416735961302e-09,7.926078827224923e-07,6,scc-ec4,Intel(R) Xeon(R) Gold 6242 CPU @ 2.80GHz,416772
20260824T152234Z-a28f802-8111305,07ead3e24ee94352c0410f6a9a2e909df054afb4ebec222b381429478c7a59f4,dense-worker-firm,single,100000,799978,1699956,rust,8,3,1,278013184,97377846,10007270,136261749,518065481,9,4.310531518770976e-08,6.109416735961302e-09,7.926078827224923e-07,6,scc-ec4,Intel(R) Xeon(R) Gold 6242 CPU @ 2.80GHz,421752
20260824T152234Z-a28f802-8111305,07ead3e24ee94352c0410f6a9a2e909df054afb4ebec222b381429478c7a59f4,dense-worker-firm,single,100000,799978,1699956,rust,16,3,1,256739909,96142130,9712401,119609582,490940162,9,4.310531518770976e-08,6.109416735961302e-09,7.926078827224923e-07,6,scc-ec4,Intel(R) Xeon(R) Gold 6242 CPU @ 2.80GHz,419740
20260824T152234Z-a28f802-8111305,07ead3e24ee94352c0410f6a9a2e909df054afb4ebec222b381429478c7a59f4,dense-worker-firm,single,100000,799978,1699956,rust,32,3,1,300179856,93534358,12233932,142916055,573717352,9,4.310531518770976e-08,6.109416735961302e-09,7.926078827224923e-07,6,scc-ec4,Intel(R) Xeon(R) Gold 6242 CPU @ 2.80GHz,454904
20260824T152234Z-a28f802-8111305,07ead3e24ee94352c0410f6a9a2e909df054afb4ebec222b381429478c7a59f4,dense-worker-firm,single,300000,2399974.0,5099948.0,matlab,1,3,1,3688048000.0,0,114802187.5,1460835000.0,5097821000.0,11,2.242394265153162e-09,2.502791163466512e-10,5.123798238712739e-08,6,scc-ec4,Intel(R) Xeon(R) Gold 6242 CPU @ 2.80GHz,3273148
20260824T152234Z-a28f802-8111305,07ead3e24ee94352c0410f6a9a2e909df054afb4ebec222b381429478c7a59f4,dense-worker-firm,single,300000,2399974.0,5099948.0,matlab,2,3,1,2948024000.0,0,115701812.5,1471039000.0,4314723000.0,11,2.2423942652833925e-09,2.5027911636118647e-10,5.1237982345829166e-08,6,scc-ec4,Intel(R) Xeon(R) Gold 6242 CPU @ 2.80GHz,3248656
20260824T152234Z-a28f802-8111305,07ead3e24ee94352c0410f6a9a2e909df054afb4ebec222b381429478c7a59f4,dense-worker-firm,single,300000,2399974.0,5099948.0,matlab,4,3,1,2464451000.0,0,111001187.5,1448325000.0,3955054000.0,11,2.2423942654964796e-09,2.5027911638496967e-10,5.123798230453095e-08,6,scc-ec4,Intel(R) Xeon(R) Gold 6242 CPU @ 2.80GHz,3414716
20260824T152234Z-a28f802-8111305,07ead3e24ee94352c0410f6a9a2e909df054afb4ebec222b381429478c7a59f4,dense-worker-firm,single,300000,2399974.0,5099948.0,matlab,8,3,1,2336312000.0,0,115414812.5,1456997000.0,3811729000.0,11,2.2423942651014512e-09,2.502791163408796e-10,5.1237982345829166e-08,6,scc-ec4,Intel(R) Xeon(R) Gold 6242 CPU @ 2.80GHz,3332912
20260824T152234Z-a28f802-8111305,07ead3e24ee94352c0410f6a9a2e909df054afb4ebec222b381429478c7a59f4,dense-worker-firm,single,300000,2399974.0,5099948.0,matlab,16,3,1,2246361000.0,0,136440625.0,1728465000.0,3858853000.0,11,2.2423942651691212e-09,2.502791163484324e-10,5.123798230453095e-08,6,scc-ec4,Intel(R) Xeon(R) Gold 6242 CPU @ 2.80GHz,3267672
20260824T152234Z-a28f802-8111305,07ead3e24ee94352c0410f6a9a2e909df054afb4ebec222b381429478c7a59f4,dense-worker-firm,single,300000,2399974.0,5099948.0,matlab,32,3,1,2206808000.0,0,126879750.00000001,1563157000.0,3881138000.0,11,2.2423942657464284e-09,2.502791164128671e-10,5.123798226323272e-08,6,scc-ec4,Intel(R) Xeon(R) Gold 6242 CPU @ 2.80GHz,3344008
20260824T152234Z-a28f802-8111305,07ead3e24ee94352c0410f6a9a2e909df054afb4ebec222b381429478c7a59f4,dense-worker-firm,single,300000,2399974,5099948,rust,1,3,1,649408925,521,118482460,1220443476,1899610281,9,6.624875547202269e-08,7.394185888789426e-09,2.5114666663581433e-06,6,scc-ec4,Intel(R) Xeon(R) Gold 6242 CPU @ 2.80GHz,623588
20260824T152234Z-a28f802-8111305,07ead3e24ee94352c0410f6a9a2e909df054afb4ebec222b381429478c7a59f4,dense-worker-firm,single,300000,2399974,5099948,rust,2,3,1,1172490128,366809411,100865727,1112477883,2718852967,9,6.624875547212614e-08,7.394185888800974e-09,2.5114666663581433e-06,6,scc-ec4,Intel(R) Xeon(R) Gold 6242 CPU @ 2.80GHz,1229716
20260824T152234Z-a28f802-8111305,07ead3e24ee94352c0410f6a9a2e909df054afb4ebec222b381429478c7a59f4,dense-worker-firm,single,300000,2399974,5099948,rust,4,3,1,1010474088,379042031,57419237,696778510,2109629731,9,6.624875547212614e-08,7.394185888800974e-09,2.5114666663581433e-06,6,scc-ec4,Intel(R) Xeon(R) Gold 6242 CPU @ 2.80GHz,1267784
20260824T152234Z-a28f802-8111305,07ead3e24ee94352c0410f6a9a2e909df054afb4ebec222b381429478c7a59f4,dense-worker-firm,single,300000,2399974,5099948,rust,8,3,1,927107826,383283674,37026118,461854178,1788096503,9,6.624875547212614e-08,7.394185888800974e-09,2.5114666663581433e-06,6,scc-ec4,Intel(R) Xeon(R) Gold 6242 CPU @ 2.80GHz,1245820
20260824T152234Z-a28f802-8111305,07ead3e24ee94352c0410f6a9a2e909df054afb4ebec222b381429478c7a59f4,dense-worker-firm,single,300000,2399974,5099948,rust,16,3,1,895103612,386702743,26943250,337603124,1670350892,9,6.624875547212614e-08,7.394185888800974e-09,2.5114666663581433e-06,6,scc-ec4,Intel(R) Xeon(R) Gold 6242 CPU @ 2.80GHz,1235256
20260824T152234Z-a28f802-8111305,07ead3e24ee94352c0410f6a9a2e909df054afb4ebec222b381429478c7a59f4,dense-worker-firm,single,300000,2399974,5099948,rust,32,3,1,874941635,386887015,24485597,293948901,1709093813,9,6.624875547212614e-08,7.394185888800974e-09,2.5114666663581433e-06,6,scc-ec4,Intel(R) Xeon(R) Gold 6242 CPU @ 2.80GHz,1276916
20260824T152234Z-a28f802-8111305,07ead3e24ee94352c0410f6a9a2e909df054afb4ebec222b381429478c7a59f4,dense-worker-firm,single,1000000.0,7999978.0,16999956.0,matlab,1,3,1,15618019000.0,0,513707000.0,6417781000.0,21390539000.0,11,2.4678099490615073e-09,3.2102500876428127e-10,4.408106318819118e-08,6,scc-ec4,Intel(R) Xeon(R) Gold 6242 CPU @ 2.80GHz,7343136
20260824T152234Z-a28f802-8111305,07ead3e24ee94352c0410f6a9a2e909df054afb4ebec222b381429478c7a59f4,dense-worker-firm,single,1000000.0,7999978.0,16999956.0,matlab,2,3,1,11071940000.0,0,537962500.0,6714435000.0,17845780000.0,11,2.4678099495220587e-09,3.2102500882419205e-10,4.4081063234805745e-08,6,scc-ec4,Intel(R) Xeon(R) Gold 6242 CPU @ 2.80GHz,7132588
20260824T152234Z-a28f802-8111305,07ead3e24ee94352c0410f6a9a2e909df054afb4ebec222b381429478c7a59f4,dense-worker-firm,single,1000000.0,7999978.0,16999956.0,matlab,4,3,1,9318156000.0,0,520379500.0,6498543000.0,15993391000.0,11,2.467809949079081e-09,3.2102500876656734e-10,4.408106325811303e-08,6,scc-ec4,Intel(R) Xeon(R) Gold 6242 CPU @ 2.80GHz,7209180
20260824T152234Z-a28f802-8111305,07ead3e24ee94352c0410f6a9a2e909df054afb4ebec222b381429478c7a59f4,dense-worker-firm,single,1000000.0,7999978.0,16999956.0,matlab,8,3,1,8214040000.000001,0,561925500.0,6946380000.0,15026910000.0,11,2.46780994936314e-09,3.210250088035191e-10,4.4081063281420304e-08,6,scc-ec4,Intel(R) Xeon(R) Gold 6242 CPU @ 2.80GHz,7167328
20260824T152234Z-a28f802-8111305,07ead3e24ee94352c0410f6a9a2e909df054afb4ebec222b381429478c7a59f4,dense-worker-firm,single,1000000.0,7999978.0,16999956.0,matlab,16,3,1,8146876000.000001,0,567999500.0,6532555000.0,14976312000.0,11,2.467809949159248e-09,3.2102500877699576e-10,4.4081063234805745e-08,6,scc-ec4,Intel(R) Xeon(R) Gold 6242 CPU @ 2.80GHz,7171092
20260824T152234Z-a28f802-8111305,07ead3e24ee94352c0410f6a9a2e909df054afb4ebec222b381429478c7a59f4,dense-worker-firm,single,1000000.0,7999978.0,16999956.0,matlab,32,3,1,8030246999.999999,0,547947500.0,6733631000.0,14771256000.0,11,2.4678099492176393e-09,3.2102500878459166e-10,4.408106311826934e-08,6,scc-ec4,Intel(R) Xeon(R) Gold 6242 CPU @ 2.80GHz,7151664
20260824T152234Z-a28f802-8111305,07ead3e24ee94352c0410f6a9a2e909df054afb4ebec222b381429478c7a59f4,dense-worker-firm,single,1000000,7999978,16999956,rust,1,3,1,2665841814,662,583040291,5868859463,8595832189,9,6.76058388382483e-08,8.794504230289737e-09,1.325816247834302e-06,6,scc-ec4,Intel(R) Xeon(R) Gold 6242 CPU @ 2.80GHz,2079164
20260824T152234Z-a28f802-8111305,07ead3e24ee94352c0410f6a9a2e909df054afb4ebec222b381429478c7a59f4,dense-worker-firm,single,1000000,7999978,16999956,rust,2,3,1,4888594002,1789811446,483700223,5193725975,11854067997,9,6.760583883851835e-08,8.794504230324866e-09,1.3258162478984591e-06,6,scc-ec4,Intel(R) Xeon(R) Gold 6242 CPU @ 2.80GHz,3901488
20260824T152234Z-a28f802-8111305,07ead3e24ee94352c0410f6a9a2e909df054afb4ebec222b381429478c7a59f4,dense-worker-firm,single,1000000,7999978,16999956,rust,4,3,1,4265966631,1793606509,254784569,2880283020,9139287284,9,6.760583883851835e-08,8.794504230324866e-09,1.3258162478984591e-06,6,scc-ec4,Intel(R) Xeon(R) Gold 6242 CPU @ 2.80GHz,4070192
20260824T152234Z-a28f802-8111305,07ead3e24ee94352c0410f6a9a2e909df054afb4ebec222b381429478c7a59f4,dense-worker-firm,single,1000000,7999978,16999956,rust,8,3,1,3926976538,1776499181,164576621,1836636941,7607649102,9,6.760583883851835e-08,8.794504230324866e-09,1.3258162478984591e-06,6,scc-ec4,Intel(R) Xeon(R) Gold 6242 CPU @ 2.80GHz,4082060
20260824T152234Z-a28f802-8111305,07ead3e24ee94352c0410f6a9a2e909df054afb4ebec222b381429478c7a59f4,dense-worker-firm,single,1000000,7999978,16999956,rust,16,3,1,3774833055,1796154196,108335965,1251069275,6930154104,9,6.760583883851835e-08,8.794504230324866e-09,1.3258162478984591e-06,6,scc-ec4,Intel(R) Xeon(R) Gold 6242 CPU @ 2.80GHz,4059032
20260824T152234Z-a28f802-8111305,07ead3e24ee94352c0410f6a9a2e909df054afb4ebec222b381429478c7a59f4,dense-worker-firm,single,1000000,7999978,16999956,rust,32,3,1,3921455037,1831379458,85889094,882754953,6734585339,9,6.760583883851835e-08,8.794504230324866e-09,1.3258162478984591e-06,6,scc-ec4,Intel(R) Xeon(R) Gold 6242 CPU @ 2.80GHz,4058324
20260824T152234Z-a28f802-8111305,07ead3e24ee94352c0410f6a9a2e909df054afb4ebec222b381429478c7a59f4,grid,single,100000,199367,498734,matlab,1,3,1,113040000.0,0,2377765.625,144247000.0,254574000.00000003,35,9.727899234637969e-09,1.5547895680273764e-09,2.2862121976449803e-06,5,scc-ec4,Intel(R) Xeon(R) Gold 6242 CPU @ 2.80GHz,1655616
20260824T152234Z-a28f802-8111305,07ead3e24ee94352c0410f6a9a2e909df054afb4ebec222b381429478c7a59f4,grid,single,100000,199367,498734,matlab,2,3,1,118704000.0,0,2340990.234375,151179000.0,263583999.99999997,35,9.727899238693265e-09,1.554789568675525e-09,2.2862122268713385e-06,5,scc-ec4,Intel(R) Xeon(R) Gold 6242 CPU @ 2.80GHz,1627020
20260824T152234Z-a28f802-8111305,07ead3e24ee94352c0410f6a9a2e909df054afb4ebec222b381429478c7a59f4,grid,single,100000,199367,498734,matlab,4,3,1,119577000.0,0,2459113.28125,143321000.0,250668999.99999997,35,9.727899234284278e-09,1.5547895679708196e-09,2.2862122260381613e-06,5,scc-ec4,Intel(R) Xeon(R) Gold 6242 CPU @ 2.80GHz,1629240
20260824T152234Z-a28f802-8111305,07ead3e24ee94352c0410f6a9a2e909df054afb4ebec222b381429478c7a59f4,grid,single,100000,199367,498734,matlab,8,3,1,113779000.0,0,2393830.078125,151717000.0,255485000.00000003,35,9.727899233877315e-09,1.5547895679057713e-09,2.286212228047388e-06,5,scc-ec4,Intel(R) Xeon(R) Gold 6242 CPU @ 2.80GHz,1563992
20260824T152234Z-a28f802-8111305,07ead3e24ee94352c0410f6a9a2e909df054afb4ebec222b381429478c7a59f4,grid,single,100000,199367,498734,matlab,16,3,1,111575000.0,0,2455908.203125,160850000.0,261623000.0,35,9.727899239395296e-09,1.5547895687877278e-09,2.2862122101855018e-06,5,scc-ec4,Intel(R) Xeon(R) Gold 6242 CPU @ 2.80GHz,1630000
20260824T152234Z-a28f802-8111305,07ead3e24ee94352c0410f6a9a2e909df054afb4ebec222b381429478c7a59f4,grid,single,100000,199367,498734,matlab,32,3,1,115629000.0,0,2317730.46875,161041000.0,277038000.0,35,9.727899238236234e-09,1.5547895686024466e-09,2.2862122520912447e-06,5,scc-ec4,Intel(R) Xeon(R) Gold 6242 CPU @ 2.80GHz,1566236
20260824T152234Z-a28f802-8111305,07ead3e24ee94352c0410f6a9a2e909df054afb4ebec222b381429478c7a59f4,grid,single,100000,199367,498734,rust,1,3,1,40579971,306,2064999,139268849,183402687,32,5.403648706664943e-08,8.637152730623066e-09,1.825858117802905e-05,5,scc-ec4,Intel(R) Xeon(R) Gold 6242 CPU @ 2.80GHz,64964
20260824T152234Z-a28f802-8111305,07ead3e24ee94352c0410f6a9a2e909df054afb4ebec222b381429478c7a59f4,grid,single,100000,199367,498734,rust,2,3,1,52691793,3062082,2867187,182327505,249529948,32,5.403648706664943e-08,8.637152730623066e-09,1.825858117802905e-05,5,scc-ec4,Intel(R) Xeon(R) Gold 6242 CPU @ 2.80GHz,83424
20260824T152234Z-a28f802-8111305,07ead3e24ee94352c0410f6a9a2e909df054afb4ebec222b381429478c7a59f4,grid,single,100000,199367,498734,rust,4,3,1,49855395,3095410,2478481,166043590,227017988,32,5.403648706664943e-08,8.637152730623066e-09,1.825858117802905e-05,5,scc-ec4,Intel(R) Xeon(R) Gold 6242 CPU @ 2.80GHz,83484
20260824T152234Z-a28f802-8111305,07ead3e24ee94352c0410f6a9a2e909df054afb4ebec222b381429478c7a59f4,grid,single,100000,199367,498734,rust,8,3,1,45481996,2847235,2417257,171093924,229438958,32,5.403648706664943e-08,8.637152730623066e-09,1.825858117802905e-05,5,scc-ec4,Intel(R) Xeon(R) Gold 6242 CPU @ 2.80GHz,85604
20260824T152234Z-a28f802-8111305,07ead3e24ee94352c0410f6a9a2e909df054afb4ebec222b381429478c7a59f4,grid,single,100000,199367,498734,rust,16,3,1,46226278,2712356,2916846,180556716,232975136,32,5.403648706664943e-08,8.637152730623066e-09,1.825858117802905e-05,5,scc-ec4,Intel(R) Xeon(R) Gold 6242 CPU @ 2.80GHz,86076
20260824T152234Z-a28f802-8111305,07ead3e24ee94352c0410f6a9a2e909df054afb4ebec222b381429478c7a59f4,grid,single,100000,199367,498734,rust,32,3,1,50558497,2983178,4835201,244236539,315417021,32,5.403648706664943e-08,8.637152730623066e-09,1.825858117802905e-05,5,scc-ec4,Intel(R) Xeon(R) Gold 6242 CPU @ 2.80GHz,90868
20260824T152234Z-a28f802-8111305,07ead3e24ee94352c0410f6a9a2e909df054afb4ebec222b381429478c7a59f4,grid,single,300000,598904,1497808.0,matlab,1,3,1,296302000.0,0,9484492.1875,406528000.0,702039000.0,28,8.541573209761174e-09,1.9879104168732757e-09,1.0632002533051872e-05,6,scc-ec4,Intel(R) Xeon(R) Gold 6242 CPU @ 2.80GHz,1906128
20260824T152234Z-a28f802-8111305,07ead3e24ee94352c0410f6a9a2e909df054afb4ebec222b381429478c7a59f4,grid,single,300000,598904,1497808.0,matlab,2,3,1,276761000.0,0,8840531.25,401084000.0,682282000.0,28,8.541573207612056e-09,1.9879104163730953e-09,1.0632002642308262e-05,6,scc-ec4,Intel(R) Xeon(R) Gold 6242 CPU @ 2.80GHz,1874672
20260824T152234Z-a28f802-8111305,07ead3e24ee94352c0410f6a9a2e909df054afb4ebec222b381429478c7a59f4,grid,single,300000,598904,1497808.0,matlab,4,3,1,257596000.0,0,9079023.4375,383278000.0,636922000.0,28,8.541573208065978e-09,1.987910416478752e-09,1.0632002517431904e-05,6,scc-ec4,Intel(R) Xeon(R) Gold 6242 CPU @ 2.80GHz,1888468
20260824T152234Z-a28f802-8111305,07ead3e24ee94352c0410f6a9a2e909df054afb4ebec222b381429478c7a59f4,grid,single,300000,598904,1497808.0,matlab,8,3,1,248384000.0,0,8824687.5,386617000.0,638995000.0,28,8.541573208097088e-09,1.9879104164859864e-09,1.0632002503482909e-05,6,scc-ec4,Intel(R) Xeon(R) Gold 6242 CPU @ 2.80GHz,1885672
20260824T152234Z-a28f802-8111305,07ead3e24ee94352c0410f6a9a2e909df054afb4ebec222b381429478c7a59f4,grid,single,300000,598904,1497808.0,matlab,16,3,1,248423000.0,0,9525265.625,402997000.0,657383000.0,28,8.541573207271041e-09,1.9879104162937265e-09,1.0632002653549646e-05,6,scc-ec4,Intel(R) Xeon(R) Gold 6242 CPU @ 2.80GHz,1878668
20260824T152234Z-a28f802-8111305,07ead3e24ee94352c0410f6a9a2e909df054afb4ebec222b381429478c7a59f4,grid,single,300000,598904,1497808.0,matlab,32,3,1,249755000.0,0,9584289.0625,408238000.0,670762000.0,28,8.541573209016854e-09,1.9879104167000442e-09,1.0632002633365713e-05,6,scc-ec4,Intel(R) Xeon(R) Gold 6242 CPU @ 2.80GHz,1930004
20260824T152234Z-a28f802-8111305,07ead3e24ee94352c0410f6a9a2e909df054afb4ebec222b381429478c7a59f4,grid,single,300000,598904,1497808,rust,1,3,1,48788218,329,8618122,407998701,459797356,25,3.362621920894295e-08,7.825957596180626e-09,4.574433453850636e-05,6,scc-ec4,Intel(R) Xeon(R) Gold 6242 CPU @ 2.80GHz,187248
20260824T152234Z-a28f802-8111305,07ead3e24ee94352c0410f6a9a2e909df054afb4ebec222b381429478c7a59f4,grid,single,300000,598904,1497808,rust,2,3,1,77249893,10167767,8594279,350242786,463314840,25,3.3626219208316014e-08,7.825957596034716e-09,4.574433456618678e-05,6,scc-ec4,Intel(R) Xeon(R) Gold 6242 CPU @ 2.80GHz,248852
20260824T152234Z-a28f802-8111305,07ead3e24ee94352c0410f6a9a2e909df054afb4ebec222b381429478c7a59f4,grid,single,300000,598904,1497808,rust,4,3,1,65660170,10075191,7511308,296944547,423803961,25,3.3626219208316014e-08,7.825957596034716e-09,4.574433456618678e-05,6,scc-ec4,Intel(R) Xeon(R) Gold 6242 CPU @ 2.80GHz,249896
20260824T152234Z-a28f802-8111305,07ead3e24ee94352c0410f6a9a2e909df054afb4ebec222b381429478c7a59f4,grid,single,300000,598904,1497808,rust,8,3,1,60748692,10372871,6303135,341889588,429762351,25,3.3626219208316014e-08,7.825957596034716e-09,4.574433456618678e-05,6,scc-ec4,Intel(R) Xeon(R) Gold 6242 CPU @ 2.80GHz,252512
20260824T152234Z-a28f802-8111305,07ead3e24ee94352c0410f6a9a2e909df054afb4ebec222b381429478c7a59f4,grid,single,300000,598904,1497808,rust,16,3,1,57534864,10314252,7600075,359077358,448215084,25,3.3626219208316014e-08,7.825957596034716e-09,4.574433456618678e-05,6,scc-ec4,Intel(R) Xeon(R) Gold 6242 CPU @ 2.80GHz,254828
20260824T152234Z-a28f802-8111305,07ead3e24ee94352c0410f6a9a2e909df054afb4ebec222b381429478c7a59f4,grid,single,300000,598904,1497808,rust,32,3,1,61758570,10562828,11248363,469874121,558232269,25,3.3626219208316014e-08,7.825957596034716e-09,4.574433456618678e-05,6,scc-ec4,Intel(R) Xeon(R) Gold 6242 CPU @ 2.80GHz,257604
20260824T152234Z-a28f802-8111305,07ead3e24ee94352c0410f6a9a2e909df054afb4ebec222b381429478c7a59f4,grid,single,1000000.0,1998000.0,4996000.0,matlab,1,3,1,937469000.0,0,39079000.0,1649296000.0,2560159000.0,29,9.729188749445956e-09,2.0156427366118828e-09,2.2069238903867394e-05,6,scc-ec4,Intel(R) Xeon(R) Gold 6242 CPU @ 2.80GHz,2720304
20260824T152234Z-a28f802-8111305,07ead3e24ee94352c0410f6a9a2e909df054afb4ebec222b381429478c7a59f4,grid,single,1000000.0,1998000.0,4996000.0,matlab,2,3,1,912973000.0,0,36231593.75,1532673000.0,2523012000.0,29,9.729188749937181e-09,2.015642736713643e-09,2.206923896607858e-05,6,scc-ec4,Intel(R) Xeon(R) Gold 6242 CPU @ 2.80GHz,2616088
20260824T152234Z-a28f802-8111305,07ead3e24ee94352c0410f6a9a2e909df054afb4ebec222b381429478c7a59f4,grid,single,1000000.0,1998000.0,4996000.0,matlab,4,3,1,890185000.0,0,38424312.5,1533468000.0,2381155000.0,29,9.729188749933857e-09,2.01564273671297e-09,2.2069238903564105e-05,6,scc-ec4,Intel(R) Xeon(R) Gold 6242 CPU @ 2.80GHz,2743084
20260824T152234Z-a28f802-8111305,07ead3e24ee94352c0410f6a9a2e909df054afb4ebec222b381429478c7a59f4,grid,single,1000000.0,1998000.0,4996000.0,matlab,8,3,1,816974000.0,0,38868250.0,1510696000.0,2317484000.0,29,9.729188750013985e-09,2.015642736729547e-09,2.2069239015013895e-05,6,scc-ec4,Intel(R) Xeon(R) Gold 6242 CPU @ 2.80GHz,2655860
20260824T152234Z-a28f802-8111305,07ead3e24ee94352c0410f6a9a2e909df054afb4ebec222b381429478c7a59f4,grid,single,1000000.0,1998000.0,4996000.0,matlab,16,3,1,816958000.0,0,38865781.25,1513376000.0,2308224000.0,29,9.729188748970111e-09,2.0156427365133027e-09,2.206923889605936e-05,6,scc-ec4,Intel(R) Xeon(R) Gold 6242 CPU @ 2.80GHz,2640188
20260824T152234Z-a28f802-8111305,07ead3e24ee94352c0410f6a9a2e909df054afb4ebec222b381429478c7a59f4,grid,single,1000000.0,1998000.0,4996000.0,matlab,32,3,1,800721000.0,0,42064437.5,1701906000.0,2500599000.0,29,9.72918874924723e-09,2.01564273657071e-09,2.206923896639917e-05,6,scc-ec4,Intel(R) Xeon(R) Gold 6242 CPU @ 2.80GHz,2634808
20260824T152234Z-a28f802-8111305,07ead3e24ee94352c0410f6a9a2e909df054afb4ebec222b381429478c7a59f4,grid,single,1000000,1998000,4996000,rust,1,3,1,195727424,487,35726882,1625799554,1845995631,26,3.708852020515555e-08,7.683825682101706e-09,0.00010751480258106918,6,scc-ec4,Intel(R) Xeon(R) Gold 6242 CPU @ 2.80GHz,614228
20260824T152234Z-a28f802-8111305,07ead3e24ee94352c0410f6a9a2e909df054afb4ebec222b381429478c7a59f4,grid,single,1000000,1998000,4996000,rust,2,3,1,274733200,38067212,41866006,1812039062,3151432968,26,3.70885202079448e-08,7.683825682679568e-09,0.0001075148025138107,6,scc-ec4,Intel(R) Xeon(R) Gold 6242 CPU @ 2.80GHz,850308
20260824T152234Z-a28f802-8111305,07ead3e24ee94352c0410f6a9a2e909df054afb4ebec222b381429478c7a59f4,grid,single,1000000,1998000,4996000,rust,4,3,1,240169842,37646066,27931415,1357282630,1795645622,26,3.70885202079448e-08,7.683825682679568e-09,0.0001075148025138107,6,scc-ec4,Intel(R) Xeon(R) Gold 6242 CPU @ 2.80GHz,853432
20260824T152234Z-a28f802-8111305,07ead3e24ee94352c0410f6a9a2e909df054afb4ebec222b381429478c7a59f4,grid,single,1000000,1998000,4996000,rust,8,3,1,220052895,37589809,22065643,1173327802,1488163856,26,3.70885202079448e-08,7.683825682679568e-09,0.0001075148025138107,6,scc-ec4,Intel(R) Xeon(R) Gold 6242 CPU @ 2.80GHz,842028
20260824T152234Z-a28f802-8111305,07ead3e24ee94352c0410f6a9a2e909df054afb4ebec222b381429478c7a59f4,grid,single,1000000,1998000,4996000,rust,16,3,1,208869734,37550268,21740193,1156174300,1507700716,26,3.70885202079448e-08,7.683825682679568e-09,0.0001075148025138107,6,scc-ec4,Intel(R) Xeon(R) Gold 6242 CPU @ 2.80GHz,833844
20260824T152234Z-a28f802-8111305,07ead3e24ee94352c0410f6a9a2e909df054afb4ebec222b381429478c7a59f4,grid,single,1000000,1998000,4996000,rust,32,3,1,229662329,38159243,33837611,1459302928,1863166921,26,3.70885202079448e-08,7.683825682679568e-09,0.0001075148025138107,6,scc-ec4,Intel(R) Xeon(R) Gold 6242 CPU @ 2.80GHz,842260
20260824T152234Z-a28f802-8111305,07ead3e24ee94352c0410f6a9a2e909df054afb4ebec222b381429478c7a59f4,path,single,100000,99999,299998,matlab,1,3,1,105773000.0,0,2278316.40625,128108000.0,225157000.0,35,8.801840890741763e-09,1.7503184367703758e-09,0.0001414180406120811,6,scc-eb2,Intel(R) Xeon(R) Gold 6242 CPU @ 2.80GHz,1549680
20260824T152234Z-a28f802-8111305,07ead3e24ee94352c0410f6a9a2e909df054afb4ebec222b381429478c7a59f4,path,single,100000,99999,299998,matlab,2,3,1,110837000.0,0,2197861.328125,133549000.0,245975000.0,35,8.801840891669614e-09,1.7503184363936918e-09,0.0001414013440010188,6,scc-eb2,Intel(R) Xeon(R) Gold 6242 CPU @ 2.80GHz,1570524
20260824T152234Z-a28f802-8111305,07ead3e24ee94352c0410f6a9a2e909df054afb4ebec222b381429478c7a59f4,path,single,100000,99999,299998,matlab,4,3,1,109710000.0,0,2559126.953125,141796000.0,238256000.0,35,8.801840889500418e-09,1.7503184358594594e-09,0.0001413982192054622,6,scc-eb2,Intel(R) Xeon(R) Gold 6242 CPU @ 2.80GHz,1573972
20260824T152234Z-a28f802-8111305,07ead3e24ee94352c0410f6a9a2e909df054afb4ebec222b381429478c7a59f4,path,single,100000,99999,299998,matlab,8,3,1,105853000.0,0,2107150.390625,135987000.0,231803000.0,35,8.801840891915263e-09,1.7503184363322273e-09,0.00014139798652931107,6,scc-eb2,Intel(R) Xeon(R) Gold 6242 CPU @ 2.80GHz,1561272
20260824T152234Z-a28f802-8111305,07ead3e24ee94352c0410f6a9a2e909df054afb4ebec222b381429478c7a59f4,path,single,100000,99999,299998,matlab,16,3,1,102698000.0,0,2201939.453125,139773000.0,234777000.0,35,8.801840890420212e-09,1.7503184361471518e-09,0.00014140141561068555,6,scc-eb2,Intel(R) Xeon(R) Gold 6242 CPU @ 2.80GHz,1585692
20260824T152234Z-a28f802-8111305,07ead3e24ee94352c0410f6a9a2e909df054afb4ebec222b381429478c7a59f4,path,single,100000,99999,299998,matlab,32,3,1,110785000.0,0,2238123.046875,151197000.0,246436000.0,35,8.80184089091747e-09,1.75031843647785e-09,0.00014140830756200582,6,scc-eb2,Intel(R) Xeon(R) Gold 6242 CPU @ 2.80GHz,1637888
20260824T152234Z-a28f802-8111305,07ead3e24ee94352c0410f6a9a2e909df054afb4ebec222b381429478c7a59f4,path,single,100000,99999,299998,rust,1,3,1,51957885,399,1554590,120664798,173882444,33,4.468533249712598e-08,8.891817169804009e-09,0.0007804196403900306,6,scc-eb2,Intel(R) Xeon(R) Gold 6242 CPU @ 2.80GHz,60244
20260824T152234Z-a28f802-8111305,07ead3e24ee94352c0410f6a9a2e909df054afb4ebec222b381429478c7a59f4,path,single,100000,99999,299998,rust,2,3,1,53394861,280,1539648,131947033,185579755,33,4.468533249712598e-08,8.891817169804009e-09,0.0007804196403900306,6,scc-eb2,Intel(R) Xeon(R) Gold 6242 CPU @ 2.80GHz,64388
20260824T152234Z-a28f802-8111305,07ead3e24ee94352c0410f6a9a2e909df054afb4ebec222b381429478c7a59f4,path,single,100000,99999,299998,rust,4,3,1,53868734,409,1633044,123875204,177636355,33,4.468533249712598e-08,8.891817169804009e-09,0.0007804196403900306,6,scc-eb2,Intel(R) Xeon(R) Gold 6242 CPU @ 2.80GHz,63232
20260824T152234Z-a28f802-8111305,07ead3e24ee94352c0410f6a9a2e909df054afb4ebec222b381429478c7a59f4,path,single,100000,99999,299998,rust,8,3,1,53270522,451,1616500,120622606,180177110,33,4.468533249712598e-08,8.891817169804009e-09,0.0007804196403900306,6,scc-eb2,Intel(R) Xeon(R) Gold 6242 CPU @ 2.80GHz,66204
20260824T152234Z-a28f802-8111305,07ead3e24ee94352c0410f6a9a2e909df054afb4ebec222b381429478c7a59f4,path,single,100000,99999,299998,rust,16,3,1,53571602,367,1536854,119585909,172804255,33,4.468533249712598e-08,8.891817169804009e-09,0.0007804196403900306,6,scc-eb2,Intel(R) Xeon(R) Gold 6242 CPU @ 2.80GHz,64720
20260824T152234Z-a28f802-8111305,07ead3e24ee94352c0410f6a9a2e909df054afb4ebec222b381429478c7a59f4,path,single,100000,99999,299998,rust,32,3,1,54881352,411,1543306,119778111,178333669,33,4.468533249712598e-08,8.891817169804009e-09,0.0007804196403900306,6,scc-eb2,Intel(R) Xeon(R) Gold 6242 CPU @ 2.80GHz,64544
20260824T152234Z-a28f802-8111305,07ead3e24ee94352c0410f6a9a2e909df054afb4ebec222b381429478c7a59f4,path,single,300000,299999,899998,matlab,1,3,1,238196000.0,0,8181566.40625,646547000.0,883417000.0,54,7.902301603899786e-09,1.572709025276755e-09,0.00040475845419967826,7,scc-eb2,Intel(R) Xeon(R) Gold 6242 CPU @ 2.80GHz,1773348
20260824T152234Z-a28f802-8111305,07ead3e24ee94352c0410f6a9a2e909df054afb4ebec222b381429478c7a59f4,path,single,300000,299999,899998,matlab,2,3,1,254448999.99999997,0,8518132.8125,734137000.0,932644000.0,54,7.902301607415213e-09,1.572709026098345e-09,0.00040474612006882206,7,scc-eb2,Intel(R) Xeon(R) Gold 6242 CPU @ 2.80GHz,1832952
20260824T152234Z-a28f802-8111305,07ead3e24ee94352c0410f6a9a2e909df054afb4ebec222b381429478c7a59f4,path,single,300000,299999,899998,matlab,4,3,1,243970000.0,0,8095960.937500001,635316000.0,864260000.0,54,7.90230160609855e-09,1.5727090256617128e-09,0.0004047656137235949,7,scc-eb2,Intel(R) Xeon(R) Gold 6242 CPU @ 2.80GHz,1793696
20260824T152234Z-a28f802-8111305,07ead3e24ee94352c0410f6a9a2e909df054afb4ebec222b381429478c7a59f4,path,single,300000,299999,899998,matlab,8,3,1,246669000.0,0,7500574.21875,635009000.0,864352000.0,54,7.902301606984718e-09,1.5727090259399298e-09,0.00040475421111059066,7,scc-eb2,Intel(R) Xeon(R) Gold 6242 CPU @ 2.80GHz,1880592
20260824T152234Z-a28f802-8111305,07ead3e24ee94352c0410f6a9a2e909df054afb4ebec222b381429478c7a59f4,path,single,300000,299999,899998,matlab,16,3,1,235753000.0,0,8124492.1875,654940000.0,858476000.0,54,7.902301605508608e-09,1.5727090257960643e-09,0.00040473393047981717,7,scc-eb2,Intel(R) Xeon(R) Gold 6242 CPU @ 2.80GHz,1802328
20260824T152234Z-a28f802-8111305,07ead3e24ee94352c0410f6a9a2e909df054afb4ebec222b381429478c7a59f4,path,single,300000,299999,899998,matlab,32,3,1,232280000.0,0,8340632.8125,677979000.0,913940000.0,54,7.90230160694972e-09,1.572709025868116e-09,0.0004047620260381949,7,scc-eb2,Intel(R) Xeon(R) Gold 6242 CPU @ 2.80GHz,1877560
20260824T152234Z-a28f802-8111305,07ead3e24ee94352c0410f6a9a2e909df054afb4ebec222b381429478c7a59f4,path,single,300000,299999,899998,rust,1,3,1,26980874,628,6288936,640089193,672718419,48,4.9759850060043124e-08,9.903372558849906e-09,0.0014663392486281887,7,scc-eb2,Intel(R) Xeon(R) Gold 6242 CPU @ 2.80GHz,174956
20260824T152234Z-a28f802-8111305,07ead3e24ee94352c0410f6a9a2e909df054afb4ebec222b381429478c7a59f4,path,single,300000,299999,899998,rust,2,3,1,31901604,459,6334640,745554964,774218412,48,4.9759850058544775e-08,9.903372558551608e-09,0.0014663444022738822,7,scc-eb2,Intel(R) Xeon(R) Gold 6242 CPU @ 2.80GHz,181484
20260824T152234Z-a28f802-8111305,07ead3e24ee94352c0410f6a9a2e909df054afb4ebec222b381429478c7a59f4,path,single,300000,299999,899998,rust,4,3,1,29276858,385,6423520,710513723,733689057,48,4.9759850058544775e-08,9.903372558551608e-09,0.0014663444022738822,7,scc-eb2,Intel(R) Xeon(R) Gold 6242 CPU @ 2.80GHz,180544
20260824T152234Z-a28f802-8111305,07ead3e24ee94352c0410f6a9a2e909df054afb4ebec222b381429478c7a59f4,path,single,300000,299999,899998,rust,8,3,1,30337431,383,6428408,687162945,711493027,48,4.9759850058544775e-08,9.903372558551608e-09,0.0014663444022738822,7,scc-eb2,Intel(R) Xeon(R) Gold 6242 CPU @ 2.80GHz,181248
20260824T152234Z-a28f802-8111305,07ead3e24ee94352c0410f6a9a2e909df054afb4ebec222b381429478c7a59f4,path,single,300000,299999,899998,rust,16,3,1,31468469,452,6424772,670956905,696128344,48,4.9759850058544775e-08,9.903372558551608e-09,0.0014663444022738822,7,scc-eb2,Intel(R) Xeon(R) Gold 6242 CPU @ 2.80GHz,180956
20260824T152234Z-a28f802-8111305,07ead3e24ee94352c0410f6a9a2e909df054afb4ebec222b381429478c7a59f4,path,single,300000,299999,899998,rust,32,3,1,33443084,373,6346740,684694806,744335560,48,4.9759850058544775e-08,9.903372558551608e-09,0.0014663444022738822,7,scc-eb2,Intel(R) Xeon(R) Gold 6242 CPU @ 2.80GHz,183336
20260824T152234Z-a28f802-8111305,07ead3e24ee94352c0410f6a9a2e909df054afb4ebec222b381429478c7a59f4,path,single,1000000.0,999999,2999998.0,matlab,1,3,1,823284000.0,0,31834593.75,2845377000.0,3674386000.0,62,9.459197839915336e-09,1.882849456324242e-09,0.0008163662799519031,8,scc-eb2,Intel(R) Xeon(R) Gold 6242 CPU @ 2.80GHz,2591480
20260824T152234Z-a28f802-8111305,07ead3e24ee94352c0410f6a9a2e909df054afb4ebec222b381429478c7a59f4,path,single,1000000.0,999999,2999998.0,matlab,2,3,1,831993000.0,0,32058000.000000004,2894380000.0,3633228000.0,62,9.45919783877996e-09,1.8828494560328575e-09,0.0008163618985073371,8,scc-eb2,Intel(R) Xeon(R) Gold 6242 CPU @ 2.80GHz,2542280
20260824T152234Z-a28f802-8111305,07ead3e24ee94352c0410f6a9a2e909df054afb4ebec222b381429478c7a59f4,path,single,1000000.0,999999,2999998.0,matlab,4,3,1,758098000.0,0,31899593.750000004,2681726000.0,3383002000.0,62,9.45919783921482e-09,1.8828494558633835e-09,0.0008164048991102323,8,scc-eb2,Intel(R) Xeon(R) Gold 6242 CPU @ 2.80GHz,2524024
20260824T152234Z-a28f802-8111305,07ead3e24ee94352c0410f6a9a2e909df054afb4ebec222b381429478c7a59f4,path,single,1000000.0,999999,2999998.0,matlab,8,3,1,719287000.0,0,31987015.624999996,2548461000.0,3237019000.0,62,9.459197839497703e-09,1.882849456248137e-09,0.0008163517671371502,8,scc-eb2,Intel(R) Xeon(R) Gold 6242 CPU @ 2.80GHz,2634892
20260824T152234Z-a28f802-8111305,07ead3e24ee94352c0410f6a9a2e909df054afb4ebec222b381429478c7a59f4,path,single,1000000.0,999999,2999998.0,matlab,16,3,1,710628000.0,0,31689625.0,2551264000.0,3362822000.0,62,9.459197839140735e-09,1.882849455999246e-09,0.0008163688871742044,8,scc-eb2,Intel(R) Xeon(R) Gold 6242 CPU @ 2.80GHz,2612352
20260824T152234Z-a28f802-8111305,07ead3e24ee94352c0410f6a9a2e909df054afb4ebec222b381429478c7a59f4,path,single,1000000.0,999999,2999998.0,matlab,32,3,1,700113000.0,0,31597374.999999996,2655463000.0,3324857000.0,62,9.4591978401486e-09,1.8828494561270635e-09,0.0008163805562963358,8,scc-eb2,Intel(R) Xeon(R) Gold 6242 CPU @ 2.80GHz,2531908
20260824T152234Z-a28f802-8111305,07ead3e24ee94352c0410f6a9a2e909df054afb4ebec222b381429478c7a59f4,path,single,1000000,999999,2999998,rust,1,3,1,78607803,439,25316067,2614060262,2700351726,53,4.639578253610005e-08,9.235106432824564e-09,0.004451928023830638,8,scc-eb2,Intel(R) Xeon(R) Gold 6242 CPU @ 2.80GHz,578064
20260824T152234Z-a28f802-8111305,07ead3e24ee94352c0410f6a9a2e909df054afb4ebec222b381429478c7a59f4,path,single,1000000,999999,2999998,rust,2,3,1,92221740,348,25563177,2917132479,3034603517,53,4.639578257356839e-08,9.23510644027992e-09,0.004451912376615364,8,scc-eb2,Intel(R) Xeon(R) Gold 6242 CPU @ 2.80GHz,587136
20260824T152234Z-a28f802-8111305,07ead3e24ee94352c0410f6a9a2e909df054afb4ebec222b381429478c7a59f4,path,single,1000000,999999,2999998,rust,4,3,1,80525893,394,25901699,2764943688,2833315924,53,4.639578257356839e-08,9.23510644027992e-09,0.004451912376615364,8,scc-eb2,Intel(R) Xeon(R) Gold 6242 CPU @ 2.80GHz,589144
20260824T152234Z-a28f802-8111305,07ead3e24ee94352c0410f6a9a2e909df054afb4ebec222b381429478c7a59f4,path,single,1000000,999999,2999998,rust,8,3,1,81043204,343,26387405,2702393701,2803150061,53,4.639578257356839e-08,9.23510644027992e-09,0.004451912376615364,8,scc-eb2,Intel(R) Xeon(R) Gold 6242 CPU @ 2.80GHz,591388
20260824T152234Z-a28f802-8111305,07ead3e24ee94352c0410f6a9a2e909df054afb4ebec222b381429478c7a59f4,path,single,1000000,999999,2999998,rust,16,3,1,85350473,422,26195890,2652906611,2746224529,53,4.639578257356839e-08,9.23510644027992e-09,0.004451912376615364,8,scc-eb2,Intel(R) Xeon(R) Gold 6242 CPU @ 2.80GHz,593164
20260824T152234Z-a28f802-8111305,07ead3e24ee94352c0410f6a9a2e909df054afb4ebec222b381429478c7a59f4,path,single,1000000,999999,2999998,rust,32,3,1,84370067,370,26229950,2908408715,2963557328,53,4.639578257356839e-08,9.23510644027992e-09,0.004451912376615364,8,scc-eb2,Intel(R) Xeon(R) Gold 6242 CPU @ 2.80GHz,594268
20260824T152234Z-a28f802-8111305,07ead3e24ee94352c0410f6a9a2e909df054afb4ebec222b381429478c7a59f4,weak-community,single,100000,197471,494942,matlab,1,3,1,96028000.0,0,2758820.3125,140190000.0,227580000.0,31,6.263988144608148e-09,1.4205193977531165e-09,4.7075167304204525e-06,5,scc-ec4,Intel(R) Xeon(R) Gold 6242 CPU @ 2.80GHz,1634292
20260824T152234Z-a28f802-8111305,07ead3e24ee94352c0410f6a9a2e909df054afb4ebec222b381429478c7a59f4,weak-community,single,100000,197471,494942,matlab,2,3,1,93771000.0,0,2832845.703125,145878000.0,235463000.0,31,6.263988145281525e-09,1.4205193979058099e-09,4.707518630283147e-06,5,scc-ec4,Intel(R) Xeon(R) Gold 6242 CPU @ 2.80GHz,1553916
20260824T152234Z-a28f802-8111305,07ead3e24ee94352c0410f6a9a2e909df054afb4ebec222b381429478c7a59f4,weak-community,single,100000,197471,494942,matlab,4,3,1,91843000.0,0,2769613.28125,145396000.0,228422000.0,31,6.2639881469981105e-09,1.4205193982951104e-09,4.707514531632678e-06,5,scc-ec4,Intel(R) Xeon(R) Gold 6242 CPU @ 2.80GHz,1559736
20260824T152234Z-a28f802-8111305,07ead3e24ee94352c0410f6a9a2e909df054afb4ebec222b381429478c7a59f4,weak-community,single,100000,197471,494942,matlab,8,3,1,93120000.0,0,2826031.25,147457000.0,228322000.0,31,6.263988145532378e-09,1.420519397962774e-09,4.707506253258347e-06,5,scc-ec4,Intel(R) Xeon(R) Gold 6242 CPU @ 2.80GHz,1596536
20260824T152234Z-a28f802-8111305,07ead3e24ee94352c0410f6a9a2e909df054afb4ebec222b381429478c7a59f4,weak-community,single,100000,197471,494942,matlab,16,3,1,93227000.0,0,2683593.75,152674000.0,233721000.0,31,6.263988145337769e-09,1.4205193979185547e-09,4.707517296545497e-06,5,scc-ec4,Intel(R) Xeon(R) Gold 6242 CPU @ 2.80GHz,1615212
20260824T152234Z-a28f802-8111305,07ead3e24ee94352c0410f6a9a2e909df054afb4ebec222b381429478c7a59f4,weak-community,single,100000,197471,494942,matlab,32,3,1,90372000.0,0,2720466.796875,159928000.0,246102000.0,31,6.263988146580789e-09,1.4205193982005432e-09,4.7075057666098605e-06,5,scc-ec4,Intel(R) Xeon(R) Gold 6242 CPU @ 2.80GHz,1582216
20260824T152234Z-a28f802-8111305,07ead3e24ee94352c0410f6a9a2e909df054afb4ebec222b381429478c7a59f4,weak-community,single,100000,197471,494942,rust,1,3,1,21971754,434,2212941,126319662,151797400,28,3.8441262883179976e-08,8.71773612818615e-09,4.0982842519968344e-05,5,scc-ec4,Intel(R) Xeon(R) Gold 6242 CPU @ 2.80GHz,64572
20260824T152234Z-a28f802-8111305,07ead3e24ee94352c0410f6a9a2e909df054afb4ebec222b381429478c7a59f4,weak-community,single,100000,197471,494942,rust,2,3,1,32934101,2897503,3214554,172297973,214354434,28,3.8441262883179976e-08,8.71773612818615e-09,4.0982842519968344e-05,5,scc-ec4,Intel(R) Xeon(R) Gold 6242 CPU @ 2.80GHz,83384
20260824T152234Z-a28f802-8111305,07ead3e24ee94352c0410f6a9a2e909df054afb4ebec222b381429478c7a59f4,weak-community,single,100000,197471,494942,rust,4,3,1,29957662,2516615,2259356,152281231,187219191,28,3.8441262883179976e-08,8.71773612818615e-09,4.0982842519968344e-05,5,scc-ec4,Intel(R) Xeon(R) Gold 6242 CPU @ 2.80GHz,81964
20260824T152234Z-a28f802-8111305,07ead3e24ee94352c0410f6a9a2e909df054afb4ebec222b381429478c7a59f4,weak-community,single,100000,197471,494942,rust,8,3,1,26824326,2484364,2131379,141889631,180412557,28,3.8441262883179976e-08,8.71773612818615e-09,4.0982842519968344e-05,5,scc-ec4,Intel(R) Xeon(R) Gold 6242 CPU @ 2.80GHz,85644
20260824T152234Z-a28f802-8111305,07ead3e24ee94352c0410f6a9a2e909df054afb4ebec222b381429478c7a59f4,weak-community,single,100000,197471,494942,rust,16,3,1,27028382,2406550,2651554,144427218,182666351,28,3.8441262883179976e-08,8.71773612818615e-09,4.0982842519968344e-05,5,scc-ec4,Intel(R) Xeon(R) Gold 6242 CPU @ 2.80GHz,86396
20260824T152234Z-a28f802-8111305,07ead3e24ee94352c0410f6a9a2e909df054afb4ebec222b381429478c7a59f4,weak-community,single,100000,197471,494942,rust,32,3,1,39403230,2618539,4555065,202796294,250157513,28,3.8441262883179976e-08,8.71773612818615e-09,4.0982842519968344e-05,5,scc-ec4,Intel(R) Xeon(R) Gold 6242 CPU @ 2.80GHz,88896
20260824T152234Z-a28f802-8111305,07ead3e24ee94352c0410f6a9a2e909df054afb4ebec222b381429478c7a59f4,weak-community,single,300000,595631,1491262.0,matlab,1,3,1,273590000.0,0,8608359.375,462120000.0,731447000.0,33,9.265427930183382e-09,1.7877809031064345e-09,1.0831128831296153e-05,7,scc-ec4,Intel(R) Xeon(R) Gold 6242 CPU @ 2.80GHz,1915504
20260824T152234Z-a28f802-8111305,07ead3e24ee94352c0410f6a9a2e909df054afb4ebec222b381429478c7a59f4,weak-community,single,300000,595631,1491262.0,matlab,2,3,1,280357000.0,0,8353914.0625,456584000.0,721404000.0,33,9.265427930167804e-09,1.7877809031033071e-09,1.083114629111359e-05,7,scc-ec4,Intel(R) Xeon(R) Gold 6242 CPU @ 2.80GHz,1891020
20260824T152234Z-a28f802-8111305,07ead3e24ee94352c0410f6a9a2e909df054afb4ebec222b381429478c7a59f4,weak-community,single,300000,595631,1491262.0,matlab,4,3,1,265851000.0,0,8931867.1875,459471000.0,715574000.0,33,9.265427930518378e-09,1.7877809031710305e-09,1.0831129010234773e-05,7,scc-ec4,Intel(R) Xeon(R) Gold 6242 CPU @ 2.80GHz,1914252
20260824T152234Z-a28f802-8111305,07ead3e24ee94352c0410f6a9a2e909df054afb4ebec222b381429478c7a59f4,weak-community,single,300000,595631,1491262.0,matlab,8,3,1,253911000.0,0,9059390.625,465312000.0,697620000.0,33,9.26542793145934e-09,1.7877809033525615e-09,1.0831137497395326e-05,7,scc-ec4,Intel(R) Xeon(R) Gold 6242 CPU @ 2.80GHz,1874344
20260824T152234Z-a28f802-8111305,07ead3e24ee94352c0410f6a9a2e909df054afb4ebec222b381429478c7a59f4,weak-community,single,300000,595631,1491262.0,matlab,16,3,1,256309999.99999997,0,9116296.875,462896000.0,704130000.0,33,9.265427930357093e-09,1.7877809031397961e-09,1.0831149320890376e-05,7,scc-ec4,Intel(R) Xeon(R) Gold 6242 CPU @ 2.80GHz,1927744
20260824T152234Z-a28f802-8111305,07ead3e24ee94352c0410f6a9a2e909df054afb4ebec222b381429478c7a59f4,weak-community,single,300000,595631,1491262.0,matlab,32,3,1,257157000.00000003,0,8904343.75,486699000.0,756465000.0,33,9.265427930933388e-09,1.7877809032511055e-09,1.0831131890184052e-05,7,scc-ec4,Intel(R) Xeon(R) Gold 6242 CPU @ 2.80GHz,1922500
20260824T152234Z-a28f802-8111305,07ead3e24ee94352c0410f6a9a2e909df054afb4ebec222b381429478c7a59f4,weak-community,single,300000,595631,1491262,rust,1,3,1,45600105,587,7687041,459858816,510288758,30,4.3513300521404905e-08,8.396082334361805e-09,5.249714572016157e-05,7,scc-ec4,Intel(R) Xeon(R) Gold 6242 CPU @ 2.80GHz,189640
20260824T152234Z-a28f802-8111305,07ead3e24ee94352c0410f6a9a2e909df054afb4ebec222b381429478c7a59f4,weak-community,single,300000,595631,1491262,rust,2,3,1,70137681,10167112,10500137,583198168,662416875,30,4.3513300519946976e-08,8.39608233408049e-09,5.249714995060662e-05,7,scc-ec4,Intel(R) Xeon(R) Gold 6242 CPU @ 2.80GHz,253108
20260824T152234Z-a28f802-8111305,07ead3e24ee94352c0410f6a9a2e909df054afb4ebec222b381429478c7a59f4,weak-community,single,300000,595631,1491262,rust,4,3,1,61321733,10139378,5098119,344254249,525862404,30,4.3513300519946976e-08,8.39608233408049e-09,5.249714995060662e-05,7,scc-ec4,Intel(R) Xeon(R) Gold 6242 CPU @ 2.80GHz,254228
20260824T152234Z-a28f802-8111305,07ead3e24ee94352c0410f6a9a2e909df054afb4ebec222b381429478c7a59f4,weak-community,single,300000,595631,1491262,rust,8,3,1,55065082,10732039,5702971,410974925,480382238,30,4.3513300519946976e-08,8.39608233408049e-09,5.249714995060662e-05,7,scc-ec4,Intel(R) Xeon(R) Gold 6242 CPU @ 2.80GHz,255800
20260824T152234Z-a28f802-8111305,07ead3e24ee94352c0410f6a9a2e909df054afb4ebec222b381429478c7a59f4,weak-community,single,300000,595631,1491262,rust,16,3,1,56521396,10583552,5999411,405720376,490414941,30,4.3513300519946976e-08,8.39608233408049e-09,5.249714995060662e-05,7,scc-ec4,Intel(R) Xeon(R) Gold 6242 CPU @ 2.80GHz,252400
20260824T152234Z-a28f802-8111305,07ead3e24ee94352c0410f6a9a2e909df054afb4ebec222b381429478c7a59f4,weak-community,single,300000,595631,1491262,rust,32,3,1,70313316,9914604,8790876,490309065,605726309,30,4.3513300519946976e-08,8.39608233408049e-09,5.249714995060662e-05,7,scc-ec4,Intel(R) Xeon(R) Gold 6242 CPU @ 2.80GHz,255284
20260824T152234Z-a28f802-8111305,07ead3e24ee94352c0410f6a9a2e909df054afb4ebec222b381429478c7a59f4,weak-community,single,1000000.0,1992015.0,4984030.0,matlab,1,3,1,783777000.0,0,38650718.75,1634693000.0,2381730000.0,29,6.877166674986244e-09,1.7776206698890393e-09,9.429613765540266e-06,6,scc-ec4,Intel(R) Xeon(R) Gold 6242 CPU @ 2.80GHz,2602196
20260824T152234Z-a28f802-8111305,07ead3e24ee94352c0410f6a9a2e909df054afb4ebec222b381429478c7a59f4,weak-community,single,1000000.0,1992015.0,4984030.0,matlab,2,3,1,777205000.0,0,38337250.0,1624453000.0,2364436000.0,29,6.877166674789747e-09,1.7776206698382645e-09,9.429615458990908e-06,6,scc-ec4,Intel(R) Xeon(R) Gold 6242 CPU @ 2.80GHz,2589340
20260824T152234Z-a28f802-8111305,07ead3e24ee94352c0410f6a9a2e909df054afb4ebec222b381429478c7a59f4,weak-community,single,1000000.0,1992015.0,4984030.0,matlab,4,3,1,691252000.0,0,38362406.25,1527407000.0,2189459000.0,29,6.87716667472511e-09,1.7776206698222e-09,9.429582368150737e-06,6,scc-ec4,Intel(R) Xeon(R) Gold 6242 CPU @ 2.80GHz,2677616
20260824T152234Z-a28f802-8111305,07ead3e24ee94352c0410f6a9a2e909df054afb4ebec222b381429478c7a59f4,weak-community,single,1000000.0,1992015.0,4984030.0,matlab,8,3,1,667579000.0,0,37705968.75,1482678000.0,2116305999.9999998,29,6.877166674673811e-09,1.77762066980859e-09,9.429597284843069e-06,6,scc-ec4,Intel(R) Xeon(R) Gold 6242 CPU @ 2.80GHz,2600972
20260824T152234Z-a28f802-8111305,07ead3e24ee94352c0410f6a9a2e909df054afb4ebec222b381429478c7a59f4,weak-community,single,1000000.0,1992015.0,4984030.0,matlab,16,3,1,650413000.0,0,38529937.5,1496658000.0,2127482999.9999998,29,6.8771666753694006e-09,1.7776206699881647e-09,9.429603537229343e-06,6,scc-ec4,Intel(R) Xeon(R) Gold 6242 CPU @ 2.80GHz,2570060
20260824T152234Z-a28f802-8111305,07ead3e24ee94352c0410f6a9a2e909df054afb4ebec222b381429478c7a59f4,weak-community,single,1000000.0,1992015.0,4984030.0,matlab,32,3,1,654037000.0,0,38107500.0,1577289000.0,2158494000.0,29,6.877166674886806e-09,1.7776206698635346e-09,9.429606311722024e-06,6,scc-ec4,Intel(R) Xeon(R) Gold 6242 CPU @ 2.80GHz,2664144
20260824T152234Z-a28f802-8111305,07ead3e24ee94352c0410f6a9a2e909df054afb4ebec222b381429478c7a59f4,weak-community,single,1000000,1992015,4984030,rust,1,3,1,165650179,591,34291842,1577902035,1767818008,26,2.8603863715940863e-08,7.393666608157959e-09,6.115901341336225e-05,6,scc-ec4,Intel(R) Xeon(R) Gold 6242 CPU @ 2.80GHz,603316
20260824T152234Z-a28f802-8111305,07ead3e24ee94352c0410f6a9a2e909df054afb4ebec222b381429478c7a59f4,weak-community,single,1000000,1992015,4984030,rust,2,3,1,229231586,35387134,43338939,2099923370,2386876782,26,2.860386371149826e-08,7.393666607009615e-09,6.115901223815137e-05,6,scc-ec4,Intel(R) Xeon(R) Gold 6242 CPU @ 2.80GHz,827836
20260824T152234Z-a28f802-8111305,07ead3e24ee94352c0410f6a9a2e909df054afb4ebec222b381429478c7a59f4,weak-community,single,1000000,1992015,4984030,rust,4,3,1,207057999,34043876,29915454,1347981711,1608902000,26,2.860386371149826e-08,7.393666607009615e-09,6.115901223815137e-05,6,scc-ec4,Intel(R) Xeon(R) Gold 6242 CPU @ 2.80GHz,820624
20260824T152234Z-a28f802-8111305,07ead3e24ee94352c0410f6a9a2e909df054afb4ebec222b381429478c7a59f4,weak-community,single,1000000,1992015,4984030,rust,8,3,1,182352787,33896289,25851169,1309146254,1545488973,26,2.860386371149826e-08,7.393666607009615e-09,6.115901223815137e-05,6,scc-ec4,Intel(R) Xeon(R) Gold 6242 CPU @ 2.80GHz,820716
20260824T152234Z-a28f802-8111305,07ead3e24ee94352c0410f6a9a2e909df054afb4ebec222b381429478c7a59f4,weak-community,single,1000000,1992015,4984030,rust,16,3,1,180651822,35664570,24716177,1284493004,1583000689,26,2.860386371149826e-08,7.393666607009615e-09,6.115901223815137e-05,6,scc-ec4,Intel(R) Xeon(R) Gold 6242 CPU @ 2.80GHz,812348
20260824T152234Z-a28f802-8111305,07ead3e24ee94352c0410f6a9a2e909df054afb4ebec222b381429478c7a59f4,weak-community,single,1000000,1992015,4984030,rust,32,3,1,174392349,33812524,32232246,1492549689,1799743005,26,2.860386371149826e-08,7.393666607009615e-09,6.115901223815137e-05,6,scc-ec4,Intel(R) Xeon(R) Gold 6242 CPU @ 2.80GHz,818984
20260824T152234Z-a28f802-8111305,07ead3e24ee94352c0410f6a9a2e909df054afb4ebec222b381429478c7a59f4,worker-firm,single,100000,149996,399992,matlab,1,3,1,946607000.0,0,2482730.46875,88927000.0,1010632000.0,21,5.704312663832942e-09,1.179603135268112e-09,7.299144510510141e-07,5,scc-ec4,Intel(R) Xeon(R) Gold 6242 CPU @ 2.80GHz,1626264
20260824T152234Z-a28f802-8111305,07ead3e24ee94352c0410f6a9a2e909df054afb4ebec222b381429478c7a59f4,worker-firm,single,100000,149996,399992,matlab,2,3,1,961520000.0,0,2438169.921875,89804000.0,1021047000.0,21,5.7043126641240094e-09,1.1796031353283036e-09,7.299144516009756e-07,5,scc-ec4,Intel(R) Xeon(R) Gold 6242 CPU @ 2.80GHz,1647704
20260824T152234Z-a28f802-8111305,07ead3e24ee94352c0410f6a9a2e909df054afb4ebec222b381429478c7a59f4,worker-firm,single,100000,149996,399992,matlab,4,3,1,927561000.0,0,2457259.765625,85479000.0,1018500000.0,21,5.704312664252583e-09,1.1796031353548904e-09,7.299144513729428e-07,5,scc-ec4,Intel(R) Xeon(R) Gold 6242 CPU @ 2.80GHz,1695780
20260824T152234Z-a28f802-8111305,07ead3e24ee94352c0410f6a9a2e909df054afb4ebec222b381429478c7a59f4,worker-firm,single,100000,149996,399992,matlab,8,3,1,948184000.0,0,2472607.421875,90773000.0,1013881000.0,21,5.704312663261509e-09,1.1796031351499438e-09,7.299144527947941e-07,5,scc-ec4,Intel(R) Xeon(R) Gold 6242 CPU @ 2.80GHz,1650412
20260824T152234Z-a28f802-8111305,07ead3e24ee94352c0410f6a9a2e909df054afb4ebec222b381429478c7a59f4,worker-firm,single,100000,149996,399992,matlab,16,3,1,945068000.0,0,2451667.96875,93401000.0,999213000.0,21,5.704312664759183e-09,1.1796031354596454e-09,7.29914452580175e-07,5,scc-ec4,Intel(R) Xeon(R) Gold 6242 CPU @ 2.80GHz,1594540
20260824T152234Z-a28f802-8111305,07ead3e24ee94352c0410f6a9a2e909df054afb4ebec222b381429478c7a59f4,worker-firm,single,100000,149996,399992,matlab,32,3,1,950971000.0,0,2450052.734375,104608000.0,1046365999.9999999,21,5.7043126644393505e-09,1.1796031353935086e-09,7.299144524728656e-07,5,scc-ec4,Intel(R) Xeon(R) Gold 6242 CPU @ 2.80GHz,1687500
20260824T152234Z-a28f802-8111305,07ead3e24ee94352c0410f6a9a2e909df054afb4ebec222b381429478c7a59f4,worker-firm,single,100000,149996,399992,rust,1,3,1,71813537,358,2439309,87402449,160889510,18,4.808476025080882e-08,9.953418552486043e-09,6.808324172241391e-06,5,scc-ec4,Intel(R) Xeon(R) Gold 6242 CPU @ 2.80GHz,66640
20260824T152234Z-a28f802-8111305,07ead3e24ee94352c0410f6a9a2e909df054afb4ebec222b381429478c7a59f4,worker-firm,single,100000,149996,399992,rust,2,3,1,81554983,3396137,3493584,110291149,212388287,18,4.808476025080882e-08,9.953418552486043e-09,6.808324172241391e-06,5,scc-ec4,Intel(R) Xeon(R) Gold 6242 CPU @ 2.80GHz,84264
20260824T152234Z-a28f802-8111305,07ead3e24ee94352c0410f6a9a2e909df054afb4ebec222b381429478c7a59f4,worker-firm,single,100000,149996,399992,rust,4,3,1,76541389,3378509,2608291,103811107,194078189,18,4.808476025080882e-08,9.953418552486043e-09,6.808324172241391e-06,5,scc-ec4,Intel(R) Xeon(R) Gold 6242 CPU @ 2.80GHz,83692
20260824T152234Z-a28f802-8111305,07ead3e24ee94352c0410f6a9a2e909df054afb4ebec222b381429478c7a59f4,worker-firm,single,100000,149996,399992,rust,8,3,1,75294738,3110267,2527822,100635806,188225728,18,4.808476025080882e-08,9.953418552486043e-09,6.808324172241391e-06,5,scc-ec4,Intel(R) Xeon(R) Gold 6242 CPU @ 2.80GHz,82552
20260824T152234Z-a28f802-8111305,07ead3e24ee94352c0410f6a9a2e909df054afb4ebec222b381429478c7a59f4,worker-firm,single,100000,149996,399992,rust,16,3,1,75510935,3444343,2901515,101165437,191696847,18,4.808476025080882e-08,9.953418552486043e-09,6.808324172241391e-06,5,scc-ec4,Intel(R) Xeon(R) Gold 6242 CPU @ 2.80GHz,85176
20260824T152234Z-a28f802-8111305,07ead3e24ee94352c0410f6a9a2e909df054afb4ebec222b381429478c7a59f4,worker-firm,single,100000,149996,399992,rust,32,3,1,79385555,3576328,4810035,148125816,243099394,18,4.808476025080882e-08,9.953418552486043e-09,6.808324172241391e-06,5,scc-ec4,Intel(R) Xeon(R) Gold 6242 CPU @ 2.80GHz,87916
20260824T152234Z-a28f802-8111305,07ead3e24ee94352c0410f6a9a2e909df054afb4ebec222b381429478c7a59f4,worker-firm,single,300000,449996,1199992.0,matlab,1,3,1,416811000.0,0,8784156.25,303038000.0,711285000.0,22,9.432110606925135e-09,1.7818676632178307e-09,1.3887383703674492e-06,7,scc-ec4,Intel(R) Xeon(R) Gold 6242 CPU @ 2.80GHz,1896600
20260824T152234Z-a28f802-8111305,07ead3e24ee94352c0410f6a9a2e909df054afb4ebec222b381429478c7a59f4,worker-firm,single,300000,449996,1199992.0,matlab,2,3,1,403450000.0,0,8850554.6875,303736000.0,708833000.0,22,9.432110608379009e-09,1.7818676634924888e-09,1.3887383696418569e-06,7,scc-ec4,Intel(R) Xeon(R) Gold 6242 CPU @ 2.80GHz,1820296
20260824T152234Z-a28f802-8111305,07ead3e24ee94352c0410f6a9a2e909df054afb4ebec222b381429478c7a59f4,worker-firm,single,300000,449996,1199992.0,matlab,4,3,1,380065000.0,0,8729367.1875,291522000.0,666769000.0,22,9.432110606246178e-09,1.7818676630895648e-09,1.3887383692439515e-06,7,scc-ec4,Intel(R) Xeon(R) Gold 6242 CPU @ 2.80GHz,1868076
20260824T152234Z-a28f802-8111305,07ead3e24ee94352c0410f6a9a2e909df054afb4ebec222b381429478c7a59f4,worker-firm,single,300000,449996,1199992.0,matlab,8,3,1,371649000.0,0,8795875.0,281460000.0,646580000.0,22,9.43211060716609e-09,1.7818676632633504e-09,1.388738370227012e-06,7,scc-ec4,Intel(R) Xeon(R) Gold 6242 CPU @ 2.80GHz,1896572
20260824T152234Z-a28f802-8111305,07ead3e24ee94352c0410f6a9a2e909df054afb4ebec222b381429478c7a59f4,worker-firm,single,300000,449996,1199992.0,matlab,16,3,1,378065000.0,0,8604359.375,294299000.0,671461000.0,22,9.432110607744925e-09,1.7818676633727e-09,1.3887383697354816e-06,7,scc-ec4,Intel(R) Xeon(R) Gold 6242 CPU @ 2.80GHz,1846932
20260824T152234Z-a28f802-8111305,07ead3e24ee94352c0410f6a9a2e909df054afb4ebec222b381429478c7a59f4,worker-firm,single,300000,449996,1199992.0,matlab,32,3,1,387857000.0,0,8916718.75,307278000.0,670931000.0,22,9.432110607548374e-09,1.781867663335569e-09,1.3887383691503264e-06,7,scc-ec4,Intel(R) Xeon(R) Gold 6242 CPU @ 2.80GHz,1934596
20260824T152234Z-a28f802-8111305,07ead3e24ee94352c0410f6a9a2e909df054afb4ebec222b381429478c7a59f4,worker-firm,single,300000,449996,1199992,rust,1,3,1,52097481,701,7523644,308526490,371856527,20,3.712466959661623e-08,7.0135040092317995e-09,5.21211904799667e-06,7,scc-ec4,Intel(R) Xeon(R) Gold 6242 CPU @ 2.80GHz,182440
20260824T152234Z-a28f802-8111305,07ead3e24ee94352c0410f6a9a2e909df054afb4ebec222b381429478c7a59f4,worker-firm,single,300000,449996,1199992,rust,2,3,1,72226160,12678548,11066832,366532884,459069365,20,3.712466959665521e-08,7.013504009239163e-09,5.212119047983412e-06,7,scc-ec4,Intel(R) Xeon(R) Gold 6242 CPU @ 2.80GHz,232500
20260824T152234Z-a28f802-8111305,07ead3e24ee94352c0410f6a9a2e909df054afb4ebec222b381429478c7a59f4,worker-firm,single,300000,449996,1199992,rust,4,3,1,62054109,12361675,6833079,343116238,399523641,20,3.712466959665521e-08,7.013504009239163e-09,5.212119047983412e-06,7,scc-ec4,Intel(R) Xeon(R) Gold 6242 CPU @ 2.80GHz,234200
20260824T152234Z-a28f802-8111305,07ead3e24ee94352c0410f6a9a2e909df054afb4ebec222b381429478c7a59f4,worker-firm,single,300000,449996,1199992,rust,8,3,1,59626933,12498514,5013899,239558283,352523833,20,3.712466959665521e-08,7.013504009239163e-09,5.212119047983412e-06,7,scc-ec4,Intel(R) Xeon(R) Gold 6242 CPU @ 2.80GHz,240284
20260824T152234Z-a28f802-8111305,07ead3e24ee94352c0410f6a9a2e909df054afb4ebec222b381429478c7a59f4,worker-firm,single,300000,449996,1199992,rust,16,3,1,58109275,12495248,5772810,247236076,337038532,20,3.712466959665521e-08,7.013504009239163e-09,5.212119047983412e-06,7,scc-ec4,Intel(R) Xeon(R) Gold 6242 CPU @ 2.80GHz,239692
20260824T152234Z-a28f802-8111305,07ead3e24ee94352c0410f6a9a2e909df054afb4ebec222b381429478c7a59f4,worker-firm,single,300000,449996,1199992,rust,32,3,1,84380720,14034112,9401851,311142112,418261095,20,3.712466959665521e-08,7.013504009239163e-09,5.212119047983412e-06,7,scc-ec4,Intel(R) Xeon(R) Gold 6242 CPU @ 2.80GHz,242184
20260824T152234Z-a28f802-8111305,07ead3e24ee94352c0410f6a9a2e909df054afb4ebec222b381429478c7a59f4,worker-firm,single,1000000.0,1499996.0,3999992.0,matlab,1,3,1,1543152000.0,0,39103718.75,1307732000.0,2772420000.0,23,8.554534072776877e-09,1.1822886133805574e-09,1.2105766182071934e-06,9,scc-ec4,Intel(R) Xeon(R) Gold 6242 CPU @ 2.80GHz,2660952
20260824T152234Z-a28f802-8111305,07ead3e24ee94352c0410f6a9a2e909df054afb4ebec222b381429478c7a59f4,worker-firm,single,1000000.0,1499996.0,3999992.0,matlab,2,3,1,1388639000.0,0,38604968.75,1230226000.0,2583767000.0,23,8.554534073125992e-09,1.1822886134288083e-09,1.210576618395888e-06,9,scc-ec4,Intel(R) Xeon(R) Gold 6242 CPU @ 2.80GHz,2654744
20260824T152234Z-a28f802-8111305,07ead3e24ee94352c0410f6a9a2e909df054afb4ebec222b381429478c7a59f4,worker-firm,single,1000000.0,1499996.0,3999992.0,matlab,4,3,1,1271684000.0,0,36320500.0,1186968000.0,2457426000.0,23,8.55453407322748e-09,1.1822886134428356e-09,1.210576618328497e-06,9,scc-ec4,Intel(R) Xeon(R) Gold 6242 CPU @ 2.80GHz,2719944
20260824T152234Z-a28f802-8111305,07ead3e24ee94352c0410f6a9a2e909df054afb4ebec222b381429478c7a59f4,worker-firm,single,1000000.0,1499996.0,3999992.0,matlab,8,3,1,1241817000.0,0,39899000.0,1254485000.0,2429055000.0,23,8.554534073259023e-09,1.182288613447195e-09,1.2105766185845823e-06,9,scc-ec4,Intel(R) Xeon(R) Gold 6242 CPU @ 2.80GHz,2707720
20260824T152234Z-a28f802-8111305,07ead3e24ee94352c0410f6a9a2e909df054afb4ebec222b381429478c7a59f4,worker-firm,single,1000000.0,1499996.0,3999992.0,matlab,16,3,1,1257409000.0,0,38705312.5,1211946000.0,2383851000.0,23,8.554534073489854e-09,1.1822886134790938e-09,1.210576618550887e-06,9,scc-ec4,Intel(R) Xeon(R) Gold 6242 CPU @ 2.80GHz,2693900
20260824T152234Z-a28f802-8111305,07ead3e24ee94352c0410f6a9a2e909df054afb4ebec222b381429478c7a59f4,worker-firm,single,1000000.0,1499996.0,3999992.0,matlab,32,3,1,1254894000.0,0,39412500.0,1251546000.0,2443764000.0,23,8.554534073210685e-09,1.182288613440514e-09,1.2105766188339287e-06,9,scc-ec4,Intel(R) Xeon(R) Gold 6242 CPU @ 2.80GHz,2708520
20260824T152234Z-a28f802-8111305,07ead3e24ee94352c0410f6a9a2e909df054afb4ebec222b381429478c7a59f4,worker-firm,single,1000000,1499996,3999992,rust,1,3,1,204637157,1136,33800948,1217898529,1446545073,20,5.8803763889740516e-08,8.127045338942083e-09,8.652057454669541e-06,9,scc-ec4,Intel(R) Xeon(R) Gold 6242 CPU @ 2.80GHz,606100
20260824T152234Z-a28f802-8111305,07ead3e24ee94352c0410f6a9a2e909df054afb4ebec222b381429478c7a59f4,worker-firm,single,1000000,1499996,3999992,rust,2,3,1,280630157,59872848,38557907,1411143436,1400266055,20,5.880376388976778e-08,8.127045338945849e-09,8.652057454971097e-06,9,scc-ec4,Intel(R) Xeon(R) Gold 6242 CPU @ 2.80GHz,785836
20260824T152234Z-a28f802-8111305,07ead3e24ee94352c0410f6a9a2e909df054afb4ebec222b381429478c7a59f4,worker-firm,single,1000000,1499996,3999992,rust,4,3,1,240797444,58073879,25719308,1058657471,1244157706,20,5.880376388976778e-08,8.127045338945849e-09,8.652057454971097e-06,9,scc-ec4,Intel(R) Xeon(R) Gold 6242 CPU @ 2.80GHz,788572
20260824T152234Z-a28f802-8111305,07ead3e24ee94352c0410f6a9a2e909df054afb4ebec222b381429478c7a59f4,worker-firm,single,1000000,1499996,3999992,rust,8,3,1,228364868,59608658,17805135,804842032,1152137007,20,5.880376388976778e-08,8.127045338945849e-09,8.652057454971097e-06,9,scc-ec4,Intel(R) Xeon(R) Gold 6242 CPU @ 2.80GHz,801456
20260824T152234Z-a28f802-8111305,07ead3e24ee94352c0410f6a9a2e909df054afb4ebec222b381429478c7a59f4,worker-firm,single,1000000,1499996,3999992,rust,16,3,1,226907286,59572533,15113934,745876031,1095115222,20,5.880376388976778e-08,8.127045338945849e-09,8.652057454971097e-06,9,scc-ec4,Intel(R) Xeon(R) Gold 6242 CPU @ 2.80GHz,786872
20260824T152234Z-a28f802-8111305,07ead3e24ee94352c0410f6a9a2e909df054afb4ebec222b381429478c7a59f4,worker-firm,single,1000000,1499996,3999992,rust,32,3,1,245189799,58997468,19349998,861751942,1276288746,20,5.880376388976778e-08,8.127045338945849e-09,8.652057454971097e-06,9,scc-ec4,Intel(R) Xeon(R) Gold 6242 CPU @ 2.80GHz,794220
